time,text,userid,danmu_sn
0,簽~,RUBY98127,18404655
0,簽,QwQewe,18405170
0,簽,Ksdx05589,18406197
0,簽啦,vsouis87,18409462
0,簽,s23356511,18414089
0,簽,yule0515,18414328
0,簽簽~~,ananas,18428807
0,簽,BreadlyMIKU,18447141
0,簽,jkjkjkwe66,18452539
0,癡漢敏,vu864,19075684
0,癡漢敏:可惡想柔,vu864,19075686
4,南台電子老田簽到,yago891027,18413322
5,2021/03/01簽到！！,wendy940714,18402972
7,簽起來~~~,killerblack,18412164
7,簽,tank333,18482306
9,封面是伊雷娜><,V26230026,18401561
10,我嗑了這麼多年的兩隻終於變官推,mingzi0917,18412460
10,來了~,po98zx45,19404330
12,簽,weizhen005,18406231
12,簽,S1412,18428914
15,簽,Valdrada,18403157
15,簽,Aa27992799,18406424
16,簽簽簽,francesca000,18417436
17,簽,night1144,18405615
18,美少年,MSLINmslin,18443412
18,簽,Easonwu517,19892049
19,簽,aaaderla,18430158
20,簽,s980306,18403863
20,簽,Wei921205,18406566
20,"簽
  簽",Ckjj16899,18436738
24,簽,oofman,18403495
24,差點看成耶雷娜,ifantasist,19005642
25,簽,Joshua931005,18426472
26,簽～～～,k20050819,18415853
27,簽,night60628,18402514
27,JB生日快樂,ZA20074,18406529
27,簽~~~~,rxuan1210,18440962
29,簽,celinehu567,18403009
29,簽,W164953,18405972
29,簽～～～,momo940901,18654216
30,簽,Raytsai0622,18403434
30,簽,d123218030,18410320
32,簽.,Uney9679,18401687
32,簽,James520egg,18912852
33,簽,dolphin128,18406457
35,簽！,Kingiscute,18404025
35,簽,AA104007,18411407
35,簽,Shurong0521,18899797
35,簽,KCHEGYSZ23,18919441
39,亞妮我婆,Garurumon520,18401503
39,簽,d0905252918,18416952
39,簽簽簽,knight0120,18446696
40,210305神作簽到,POWER40201,18462222
40,簽,max666wang,18725082
41,簽,kuanyu212,18413554
42,簽,a70222,18402852
42,意淫中,gangstar878,18404595
42,簽,du881123,18409162
42,簽,auigl88522,18467230
44,簽❤,Yenas,18404503
45,簽,zxcv860723,18401712
45,簽,Ghukjgd12,18403466
45,還睡啊，快起床,nealwu,18456984
45,簽,Eason96822,19484001
48,簽,Sherry1125,18403558
48,簽,hururu,18436052
50,安安嗯嗯,jwshiua,18401184
50,簽,sym11011059,18405810
50,來了 乾 是亞妮,Yuyiiii107,18825917
52,簽ෆ,yang5171444,18402025
53,簽,j0925080217,18401982
55,簽,aaa654321uu,18402124
55,簽！😻😻😻😻😻,Shurong0521,18403421
56,簽,tim5520837,18402385
57,簽,s18113209,18415616
63,2021/03/01 首刷簽到 OwO,pkpk440666,18401839
65,簽爆啦,Q123230905,18404999
65,簽,S102198SS,18411064
65,4刷,eclosionhp,18418893
66,簽,Z1000000,18415446
69,在裡面也會長大嗎@@?,rookur,18402816
69,終於出來了,wizards251,18408589
69,簽,twojunior,18425741
70,簽,Riesling,18401512
70,簽啦！,Sanada2415,18401835
70,簽,Johnson414,18402908
71,3/1簽~~~~~~~~~~~~~~~~~~,boom60518,18407447
71,簽你老木,a23821187a,18410164
75,阿噁敏又是你,srnmam05,18416544
75,簽,xlionx3488,18418708
76,ㄑ,sses60908666,18402945
76,簽,nina971004,18438882
78,我愛AKI,JamesMoney,18419064
78,這一周像是一年,candy885522,18420096
80,ㄑ！,Pigyloi,18417524
80,來了！！！！,ruby201067a,18450093
80,簽,plain1,18465995
81,簽到,Higray87TW,18408839
82,簽,gchauy945,18401157
83,簽,cyh1121,18402813
85,簽,RONTANG,18412982
85,簽,st2071830,19726920
87,簽,mole22711270,18414193
87,簽,Bingo960124,18415140
89,阿噁敏,holypiggy123,18402333
89,簽到,Johnson90831,18534857
90,DCC,Wayne09,18402762
90,外考班簽到,Jharden0917,18402969
91,簽,Valdrada,18429549
92,簽,abc983825273,18411333
94,不用上班簽啦,shibayee,18406511
95,簽,heyheyboi,18417779
95,雙北三級單天206☹️☹️☹️,baby104829,19670835
97,阿噁敏,mango970422,18423485
98,簽,aozakiace,18438375
99,阿噁敏誕生之日,dtfans,18405220
99,簽啦哪次不簽,ax39732389,18556565
100,簽,A99587,18408141
100,噁敏~~你又想幹嘛,GOAWAY123,18414896
104,被抓到的特寫表情沒了QAQ,sakujo756,18402756
104,lol,ShermanChen,18429284
105,8:32簽,Jimst6969,18404897
106,簽,Key123456782,18402228
107,mike簽,Justin91411,18408003
112,喔拉,jekai50,18416534
115,阿噁敏,molly2457,18434906
115,好香,pcasoldtwo,18480751
115,香噴噴,pcasoldtwo,18480756
119,簽,dylamwu9121,18412118
121,03.01 20:40二刷Ye,zxc089531283,18414688
122,簽,Shiapeirou,18406659
122,簽,n126809845,18414009
123,簽到,As36140476,18402843
123,哈哈哈哈,Valdrada,18403162
125,都忘記劇情是啥了,Sumihuang,18424840
125,4/3 簽,bhlovessch,18919129
127,噁敏,ginny930917,18954435
129,客人？？,gangstar878,18405138
129,阿噁敏,yujchen,18428035
129,簽爆,syun0818,18453115
130,按1跳op,cindy52077,18404749
130,阿噁敏—你在幹什麼啊—阿噁敏,ivy24242005,18437027
130,想襲胸？？？（沒,MSLINmslin,18443421
130,舒服,F9654,18446412
131,作息崩壞,NightmareWTF,18412166
131,越來越好看了呢,a82380,18423008
132,希琪好正,messiah0719,18403551
133,.,niter6388,18421147
137,我婆,C39410128,18490174
139,別噁了,w20745379,19199212
140,希琪我婆,w2569821,18414976
144,總算出了,a1475602001,18432152
145,讚啦!!!,s1985025500,18413287
145,這句話好像怪怪的，但又好像沒問題,God388778UZ,18420619
147,哈,yagerzy,18480226
150,好正<3,henryl1915,18468645
151,簽,JimmyChen111,18401333
151,看完無職看進巨超爽,Mike070904,18401611
151,笑死,zyl0811,18451300
153,簽,asdzxc2988,18416151
154,熟悉的風俗店口吻🤣,ray455339,18403293
155,++++++++++++++++++++++++++++++++++,gameboss11,18552512
160,希琪：我可以理解，但是褲子先穿起來好嗎,alexbrian914,18424378
160,以前的希琪很騷，她小時候也被我丟過石頭,touhou18,19318938
161,高雄鴨點棧菜口簽到,akiyamawoo,18417059
162,簽到,dolphin128,18406464
162,簽,Along960103,18417502
164,希琪怎麼沒繼續睡,mango970422,18423489
164,這個髮型好好看❤,luky5232,18927225
165,要摸要加錢喔喔喔喔喔(*^__^*),wyane727246,18420425
166,阿噁敏發春,RONTANG,18413001
171,好色,a3300621,18486935
173,阿爾敏好可愛~,m960831,18428826
175,變態,Mcde0914,18426783
176,不要亂摸好嗎,r8246555,18405868
176,不給摸wwwww,wimpish591,18406895
177,這個是現任超大型巨人,sunny890707,18428793
180,簽！！,y760228,18405515
180,嚇到,Shark1619,18659484
185,哪裡來的老練老鴇,skjhs2,18404725
188,希琪長得根本完全不一樣,lecturiox001,18581599
190,希琪好美♡,xuiuc,18408281
193,手槍敏,onezero,18521160
196,阿爾敏好可愛，想舔,s888865,18415750
200,啊噁敏又想犯罪了,Sanada2415,18401841
203,阿噁敏,robinxl3196,18416350
204,簽,y760228,18405503
205,我也是無職接進巨啊哈,a960110,18410616
205,別再找藉口了 阝可口惡每攵,eunicebebe,18411925
207,阿噁敏XD,deo2468977,19039889
208,簽!! 終於來了,kitt10,18404460
212,阿噁敏,gm7922,18418530
213,阿爾敏你又來，又想亂摸,IVY94522,18742406
214,捉到,Rexson127,18410027
219,噁敏,hayabusa2009,18413455
220,絲丁簽～～～～～～～～～,jut18237,18440060
223,2021/3/1 簽到,DannyDaiYT,18408867
224,趁熱亂摸,mail123456,18405153
224,阿噁敏,A3186,18405163
225,阿噁敏,shibayee,18406519
225,阿噁敏~,shibayee,18406530
225, 壁外調查,looorie,18423982
231,阿噁敏,fafner175,18403501
234,可愛死,aassq24,18422165
235,毫無說服力🤣,st2071830,19726947
249,你付的錢不包含此項服務喔,windorg,18430531
257,超商大夜班,lamigo10032,18402900
257,出現了！是阿噁敏,Wei950223,18540704
260,上方白字生日快樂,pp305070,18404469
263,癡漢 越描越黑,molly2457,18434909
265,簽,fairy1999107,18639942
269,為啥臉紅？,lecturiox001,18581605
270,超可愛,Valdrada,18429555
270,恩...   重  大  情報,coolch20,18435082
270,😓,ivy24242005,18437031
271,想尻阿噁南,w20745379,19199213
277,襲胸襲胸襲胸襲胸襲胸襲,augh12286,18415959
280,白字生日快肉,auu0909,18415515
280,阿爾敏臉紅啦wwww,chiimnyq,18534770
281,超正,tonyxcxc0819,19798545
285,別摸我老婆,hebelolz0330,18401508
287,"夠了別說了,癡漢巨人",dooffood123,18688300
293,下面留言，其實我覺得可以(#,starting878,18414580
299,噁爛敏,zerorock,18408117
299,魁男塾?,fake5945,18411744
301, 好可愛TOT,itkjing0708,18405995
302,好了啦,andrew9900,18413057
302,噁==,jasonkidd63,18421099
307,噁心,tzuchouh,18466455
310,???,holypiggy123,18402341
312,好色喔 阿噁敏,nn1587965,18419877
315,跟阿妮果然有姦情，難怪阿妮只掀他帽子,Safina,18430688
318,不要瞎掰好嗎,gangstar878,18404613
319,心虛,windorg,18430533
322,抓到,flicker10124,18408347
327,都過4年了,a2798402,18450418
334,噁敏,jbnbok2010,18417538
335,阿噁敏男生愛女生羞羞臉,s30274971,18434227
345,那是希琪？！,A21042671,18489481
352,什麼？阿爾敏性別是阿爾敏啊！,xji61i6,18402567
354,三圍之類的,orpeter2266,18420342
355,原來他是男生。,za28848987,18405828
358,畫風跟之前真的差超多==,weijun615002,19365922
363,我也想知道情報,s886173241,18416292
375,應該裸體的阿,shianghe,18520326
386,噁敏,Heatshock,18451115
386,他那麼帥氣一定是甲阿,Qboyyaaa,19243181
387,阿噁敏,mingjyo1110,18428234
394,重要情報!!,r8246555,18405883
396,wwwwwwww,kelly3702559,18973254
403,越看越像小貝耶,rain746357,18451234
405,拜託別禁止我“出入”,zilla32256,18415211
415,表情逐漸貝爾托特,bullethell,18403098
415,這段好鬧哦,Valdrada,18403178
423,你臉紅幹啥呢～😂😂😂,momo940901,18654222
424,噁敏,adair12,18408341
425,希奇真的正,justlanz0952,18401320
430,看了！,Vickyyeh1826,18406011
434,三圍,windorg,18430536
438,貝貝🥺,MSLINmslin,18443442
441,原來阿爾敏喜歡人家阿，沒想到,lecturiox001,18618608
445,中國主席習近平來簽到,shikimoe,18404838
455,希奇真的是個好的朋友,angel31034,18589620
458,C7真香,aatt6677,18407959
460,希琪真的好美 原畫就很好看了,sky31140,18406191
461,好噁,Heatshock,18451117
465,~~~~,a57188577,18408796
467,短髮超漂亮,s886173241,18416304
472,該不會之後劇情走向是阿爾敏x亞妮？,lecturiox001,18591055
472,出入……,squar41,18640613
473,要不是阿爾敏叫名字我根本認不出這誰,wen612027,18445975
480,關在裡面不用大便嗎？,thinkriac,18425150
489,認不出來,leegun,18551418
497,簽到,judy29082283,18425402
499,阿噁敏,ck10600178,18420141
510,阿爾敏～,A512343744,18424774
518,最強醫美涷齡技術,zx790601,18479824
521,我宣布與希琪訂婚,ziuchanan,19297034
530,酒店奧客的台詞,SinPerson,18413621
541,母捏牛,JerryoAo,18409801
556,雅妮我超愛,aa5965300,18404977
557,睡覺還有斗內,ert1288,18424288
558,派克諾坦,Rexson127,18410040
569,阿噁敏,davidddd,19369091
570,希琪有去染髮哦,Garurumon520,18401511
571,唱國歌~,Dino112358ww,18420900
580,啦了啦哪次不啦,liu681,19029259
583,雅妮讚<:,spicyvin65,19885727
583,雅妮我婆,spicyvin65,19885743
584,空降請按1,ttjh24242000,18401355
584,你各位 唱國歌了阿 立正站好,Yo01528,18420881
587,拉哩哩哩拉,IVY94522,18742432
588,拉哩拉拉哩哩哩拉,dayangxishan,18460046
588,拉哩拉拉哩哩哩哩拉,dayangxishan,18460054
589,全體肅立! ! !,dtyty1895,18560293
590,神曲從來不跳,jeanko5254,19033631
595,LinJeng2021/03/01,linjeng1127,18405574
595,啦啦啦啦啦啦啦啦啦啦啦啦啦啦啦啦啦啦啦啦,sadhappygood,18439741
595,啦啦啦啦啦啦啦啦啦啦啦啦,wasd920127,18451528
596,阿噁敏,Heatshock,18451119
599,準備好了嘛，各位同學們,love20051003,18416214
600,你各位 啦起來啊！！！！！,b0825,18404677
600,拉拉拉拉拉拉拉拉阿拉拉拉,jerry3589,18405568
605,1.25倍～～,WenHow,18403742
605,癡漢阿爾敏,Alice339512,18423248
608,預備～～～～～～～～～～～起！！！,calmineve,18426313
610,啦啦啦啦啦啦啦啦啦啦啦啦啦啦啦啦啦啦啦,TERRY0725,18975623
611,啦啦啦啦啦啦啦啦啦啦啦啦啦啦啦啦啦,EXSEXS,19724605
612,操,michael11310,18502000
613,"ㄏㄏㄏㄏㄏ




哩哩啦啦ㄌㄌ",Valdrada,18403194
615,拉拉拉啦啦啦啦啦啦啦啦啦啦啦啦啦啦啦啦啦,son961213,18769782
615,來各位一起唱！,Yuyiiii107,18825945
617,拉拉拉拉拉 拉哩拉,kitty022620,18441748
620,啦啦啦啦啦,Sans94871,18405725
621,這首真的好聽!!,kitt10,18404474
624,啦啦啦啦啦啦啦啦,as085566as,18422522
624,萊納，該坐了,as0615719,18633374
625,給我起來ㄚ ㄚ ㄚ ㄚ,Luoyu0109,18407822
625,啦啦啦啦啦,Amonguy,18409199
625,lalalalalalalalalal,lala9691115,18500463
626,差點忘記簽到,Tina980130,18412431
626,您訂的藥送到了~,XCINDYCC14,18478790
627,拉哩哩哩拉,kk95039327,18415878
627,啦啦啦啦啦啦啦啦啦啦,aa30302606,18503412
628,拉拉哩哩啦,aatt6677,18407967
628,啦啦啦啦啦,JerryoAo,18409809
628,啦啦啦啦啦啦啦啦,Dino112358ww,18420919
629,啦啦啦啦啦啦啦啦啦,abc5023199,18415626
630,唱起來,Vovo33,18409949
630,啦啦啦啦啦啦啦啦,AA104007,18411438
632,全體肅立! ! ! !,dtyty1895,18560304
633,拉拉拉拉拉拉,shuya851116,18477304
634,啦啦啦啦啦啦啦啦啦啦啦啦啦,cesium202,18406669
634,啦啦啦啦啦拉拉哩拉拉小叮叮叮當,Shang1228,18413711
634,啦啦啦啦啦啦啦啦啦啦啦啦啦啦啦啦,KCHEGYSZ23,18919467
635,啦啦啦啦啦啦啦啦啦啦啦啦啦啦啦啦啦啦,Edgehu0718,18402764
635,啦啦啦啦啦啦啦啦啦,dolphin128,18406477
635,啦啦啦啦啦啦啦啦啦啦啦,Aa0963554970,18771776
635,開始！！,Eason96822,19484019
636,拉拉啊啦啦啦啦啦啦啊啦啦啦啦啦啦啦啦啦,JerryoAo,18410043
636,拉拉拉哩拉拉拉哩哩拉,jacky8405axd,18424761
638,啦啦啦啦啦啦啦啦啦啦啦啦啦啦阿啦啦啦啦,Easonwu517,19892091
639,拉拉拉拉拉,crazyvece,18415505
640,2X,oneeye1487,18416337
640,啦啦啦啦啦啦理啦拉哩哩哩啦,CHT528990,18418383
640,啦啦啦啦啦啦啦啦啦啦啦啦,m960831,18428859
643,啦啦啦啦啦啦啦啦啦,tim5520837,18402398
643,啦啦啦啦啦~,r12761276,18427243
643,555555555555555555555555555555555,bjackkk,18451438
644,啦啦啦啦啦,Samanthapp,18401263
644,啦啦啦啦啦哩啦哩啦啦哩哩哩啦,hokywrjjq,18419189
644,啦哩哩哩啦,orpeter2266,18420363
645,ㄌ ㄌ ㄌ ㄌ ㄌ ㄌ ㄌ ㄌ ㄌ ㄌ,mingzi0917,18412475
645,啦啦啦啦 啦啦啦啦啦啦,Dale910820,18417556
645,啦啦啦啦啦啦啦,ryanok,18419649
646,啦啦哩啦啦啦啦哩啦啦啦哩哩啦,Mikami678,18405711
646,啦啦啦啦啦啦啦啦啦啦啦啦啦啦啦啦啦啦,xiyue0210,19158527
649,啦啦啦啦啦啦啦,calmineve,18426289
649,拉哩拉拉哩哩拉,linkin5656,18439489
650,啦啦啦啦啦啦啦啦啦啦,tameowde1125,18407184
650,每週の子の子呪文,Jerry34278,18418730
651,啦啦哩啦啦啦啦哩哩啦,A3186,18405177
652,啦啦,rchanmilo,18404051
652,預備───唱！！,player0309,18421725
653,哩哩啦啦啦啦哩哩啦啦啦,Valdrada,18429565
654,啦啦啦啦啦啦哩啦啦哩哩哩啦,celinehu567,18403035
655,啦啦啦啦啦啦啦啦啦啦啦啦啦啦,mingzi0917,18412481
655,拉拉拉拉拉阿拉 拉阿阿拉 拉拉阿拉拉拉拉,chenallen935,18429220
656,拉拉拉,zheweixu,18409933
657,拉拉拉拉啦,liangyu57,19885336
659,啦啦啦啦啦,rei196,19071051
660,放假看巨人好爽,ktgn556412,18402015
660,拉拉哩哩啦拉拉哩哩拉拉哩哩啦,homegra,18404875
660,拉拉拉拉拉拉拉,Aneyka,18466544
661,因為婆爆,SwallowLin,18401369
661,辣辣辣辣辣辣,Higray87TW,18408862
664,啦啦啦,i85242378i,18406613
665,啦啦啦啦啦,happy910506,18415114
669,拉拉拉拉拉阿拉阿,radseg,18449262
669,拉哩拉拉拉哩哩哩哩拉,dayangxishan,18460009
670,啦啦啦啦啦哩啦啦哩哩哩啦,Q123230905,18405039
670,啦啦啦啦啦啦啦啦啦,pokisun,18405366
670,啦啦啦啦啦,Poopgod,18410624
672,啦啦啦啦啦啦啦啦啦,hushaojia88,18405646
675,啦啦啦啦啦,hank69696969,18401706
675,啦啦啦啦啊啦,well8301121,18403175
679,拉啦啦啦 啦哩啦啦啦哩哩啦,nobulletslol,18404276
679,啦啦啦啦啦哩啦哩啦啦哩哩哩啦,q35g6j7,19030832
680,啦啦啦啦啦啦啦啦啦啦啦啦啦啦啦,xiyue0210,19158531
682,1,ken125635522,18421102
683,拉拉拉拉拉拉拉拉拉拉拉拉拉拉拉拉拉拉拉拉,f2009f0707,18425655
683,123 唱,BoBo97317,18454124
684,啦哩哩哩拉,Dino112358ww,18420926
685,啦啦啦啦啦啦啦啦啦啦啦,liamsei720,18409914
689,吧吧哩吧把呀滴滴滴呀,hhh20061205,18403365
689,拉拉拉拉拉拉里拉 拉哩哩哩拉,Dengwalker,18413806
689,辣辣辣辣辣辣辣辣,decill,18955423
689,拉拉拉拉拉拉拉拉拉,a56662aa,19199726
690,LalLallaqloaoaLllLal,Mody12647,18405217
690,啦啦啦啦啦啦啦,L0937378,18428561
690,啦哩哩哩啦,fairy1999107,18639946
693,啦啦啦啦阿啦啦啦啦啦,y760228,18405538
693,哩哩啦啦啦啦啦啦啦,m960831,18428870
694,淋淋漓漓淋淋漓漓莉莉啦,a70222,18402867
695,拉拉拉ㄌ阿,hihi4H,18401255
695,拉哩拉哩拉哩,Elmo940203,18403608
695,啦哩哩哩啦,Dorina93,18448031
697,拉拉拉拉拉哩哩哩拉哩拉哩哩拉,gn03052560,18418462
698,啦啦啦啦啦啊啦,Nontwo,18401572
699,啦哩哩哩啦,MaybeRabbit,18412262
701,拉哩拉拉拉哩哩哩哩拉,dayangxishan,18460032
704,拉哩哩拉,kuo78925,18412438
707,小叮叮叮噹,qa0912309057,18412970
709,啦哩哩哩啦,wayne50914,18408518
709,拉拉拉,nina971004,18438885
709,拉拉拉拉拉拉拉拉拉拉拉拉拉拉拉拉拉,aad40100258,18525310
710,啦啦哩啦 啦啦啦 啦哩啦,leotang1228,18402842
711,拉拉拉,jhpeng2019,18408231
713,簽,scott0717,18428355
714,每週一啦,calmineve,18426318
718,啦啦啦啦啦啦啦啦啦啦啦啦啦啦啦啦,EXSEXS,19724615
719,會唱的一起唱~~~~~~~~~~~~,zzz25414979,18421380
719,拉拉拉拉,ak878787,18554131
719,國歌嗨起來,love20051003,19717656
721,拉拉拉拉,twojunior,18425750
724,拉哩哩拉,iop2486,18401748
725,啦啦啦啦啦啦,shellenv,18414108
726,啦啦啦啦啦啦啦啦啦啦,j0925080217,18401996
726,拉拉拉拉拉拉拉拉拉拉拉拉,Heatshock,18451123
729,拉拉拉拉拉拉拉拉拉拉拉拉拉拉拉拉拉拉拉,ABCD0909,18634998
730,簽啊啊啊啊啊,lXxcoffeexXl,18406495
732,拉拉拉哩拉拉~,alex20275,18402316
735,啦啦time is coming!!!,Lagimolala3,18937483
735,啦啦啦啦啦啦啦啦啦啦啦啦啦啦啦啦啦啦啦啦,welsonhsieh,19083748
740,拉利利啦,moon152321,18419865
740,我要去你島上摸一下亞妮,DyLan8787,18421832
740,顏色真的越來越浮誇了欸,Yuyiiii107,18825955
743,拉拉拉拉拉啦啦啦,jason108008,18406028
743,會拉的一起拉,aatt6677,18407974
745,好洗腦,XCINDYCC14,18478794
747,拉拉拉拉拉拉拉拉拉拉拉拉拉拉 拉ㄌ阿~~~,iou9703,18416584
749,拉哩拉拉哩,a1s2d36407,18856583
750,啦啦啦啦啦,jwshiua,18401222
753,拉拉拉拉拉拉拉拉拉拉,Valdrada,18455162
755,拉拉拉拉,jack910912,18404211
755,啦西拉西拉西西啦,Dino112358ww,18420937
755,啦啦啦啦啦哩,ChienMimi,18421645
755,啦啦哩啦 小雞逼逼優,kenlinas,18429986
757,啦啦啦啦啦啦啦啦啦啦啦啦啦啦啦啦啦啦啦啦,MolongTiamat,18475782
758,啦啦啦啦,zeox1020,18414055
760,拉稀拉稀拉稀繼續拉,nightmoon0w0,18526631
764,拉起來拉,syy2118ttaa,18417125
766,啦斯給 拉斯給,well8301121,18403185
768,啦啦啦啦啦啦啦,Alice339512,18423251
770,搖擺身體,Vovo33,18409959
770,拉吸 繼續拉~,DKLin0218,18412817
770,老師老師老師,ert1288,18424292
770,啦啦啦啦啦啦啦啦啦,JZFZZZ,19307832
771,啦啦啦啦啦,boom60518,18407483
773,拉哩哩拉,hctel2,18500011
774,拉拉拉拉拉拉,Kevin709,18417848
775,簽,laiboyu61512,18403135
775,簽,Amonguy,18409214
778,啦哩哩哩啦,vm3cl4jo6,18418478
779,拉哩哩拉,pkpk440666,18401857
779,啦啦啦啦啦啦啦啦,aass44567789,18426706
779,拉拉拉拉拉拉拉拉 我中加入了,maou2020,18645119
780,簽,lily8810,18422648
784,拉拉拉拉拉拉拉拉拉拉拉拉拉拉拉拉拉拉拉,hhh20061205,18403378
789,喇舌喇舌拉拉拉拉拉,je7926,18694877
794,啦啦啦啦啦啦,supremeEKKO,18419293
795,魔咒歌~,ex280ex280,19339048
796,.,zhw1013,19918170
798,我愛AKI,JamesMoney,18419263
799,啦啦啦啦啦啦啦啦啦啦啦,jerry1224,18422690
799,拉哩拉 拉哩拉哩拉,y21shen,18429813
800,啦啦啦啦啦啦啦,jack831215,18416266
800,李哈哈哈哈哈哈,weizzz0226,18429664
804,完整版好聽~,lingpiangu,18404643
805,哈哈哈,imaking,18816576
807,拉拉拉拉拉拉拉拉,syun0818,18453138
808,弦樂好評,Valdrada,18429575
813,拉離啦啦裡裡裡啦,TT7890,18442038
815,拉拉拉拉,as810505,18405308
815,辣辣辣辣辣辣哩哩辣辣,decill,18955426
818,lalililila 1212 預備·唱,dedicates,18415746
824,啦啦啦啦啦啦拉拉阿拉拉,s019487,18405006
825,彩色的部分是不是加強了很多ㄚ,amy41314020,18405215
826,哪裡哈喇喇喇啊,jimmy20704,18413452
828,拉哩哩哩拉,OwO007913,18403829
829,啦啦啦啦啦啦啦啦啦啦啦啦,Xiang880930,18404699
830,魔性,Valdrada,18409123
834,啦啦啦,Dino112358ww,18420946
835,承翰 吳簽到啦啦啦,wuc81418,18407264
835,啦啦啦,jupiter313,18410243
837,拉哩拉拉,Milokusheep,18410313
844,拉拉拉0.0,yh0065,18407376
844,拉拉拉,free92123,18443238
845,啦啦啦啦啦啦啦啦啦啦,Katypaypay,18411946
845,ㄇㄇ請吃飯啊！,rgodgods,18421146
846,拉拉拉拉拉拉哩拉,fafner175,18403514
846,拉拉拉拉拉拉,a22680712,19164356
852,拉拉拉拉拉拉拉拉拉拉],tomhungtw,18407466
857,這歌越聽越不喜歡......,skirt,18408590
857,拉拉拉拉拉拉拉拉拉拉拉拉拉拉拉,amanda77128,19485601
861,拉哩拉 拉哩哩哩哩拉,wasdjk0304,18418643
861,來歷拉力,morgans13568,19716765
862,啦哩啦哩啦 啦哩啦哩啦,vviiccttoorr,18411336
866,啦啦啦啦,haha048487,18417839
868,來啦來啦來啦來啦,youversus,18408794
869,完整版超好聽,sans6330,18407545
870,啦啦啦啦啦啦啦啦,weizzz0226,18429670
871,恬娃,cshen511,18437985
873,AKI,JamesMoney,18419267
880,搖起來！,kevinyu1121,18415419
883,吃飽了,mmm1000351,18440847
891,拉拉拉哈拉拉拉拉拉拉拉拉拉拉,Heatshock,18451126
900,已經出完整版了 大家可以嗑4分鐘了,Edgehu0718,18403119
907,拉哩哩哩拉好像變少了QQ,pkpk440666,18401858
914,啦啦啦啦哩啦啦啦哩哩拉,Valdrada,18409086
921,拉拉拉拉拉拉啦,nina971004,18438888
925,寶貝我愛你,a9507188,18403479
925,87們預備,liu681,19029269
939,啦,Dino112358ww,18420953
945,好想兵長,Yuyiiii107,18825965
950,啦啦啦啦哩哩哩哩啦,J930814,19699982
962,啦哩啦哩啦 啦哩啦哩啦,vviiccttoorr,18411424
965,啦啦啦啦啦啦啦啦啦啦啦啦啦啦啦,Joyce930723,18404780
965,彩色的部分飽和度更高了ㄟ,amy41314020,18405226
965,早上在看 彈幕真熱鬧,yjchen940307,18406944
967,拉拉拉拉拉拉,janice0334,18403936
970,啦啦啦啦啦啦啦啦啦啦啦啦啦啦啦啦啦啦,Edgehu0718,18403124
971,拉,shaka84,18414805
974,啦啦啦啦,a513360,18419785
974,拉拉拉拉 拉~哩拉  拉滴滴滴拉~,ndsl619,18453625
974,拉哩 哩阿ㄌ,ak878787,18554137
974,啦啦啦啦啦啦啦啦啦,ginny930917,18954581
975,核平的一天,vs246810,18410226
977,啦啦啦啦啦,hokywrjjq,18419200
981,拉拉拉拉拉拉,smile6315,18408186
983,666,ABCD0909,18635043
983,拉拉拉拉拉哩拉拉哩哩哩拉,sean30349,18654321
984,拉拉拉拉哩哩拉哩,chyunine,18438464
985,每週德意志（1/1）,alive17,18401468
985,德國的科學力是世界第一,gizmo3825,18407541
985,拉哩啦理啦哩哩啦,eason158158,18413363
985,啦啦啦啦啦啦啦啦啦,CHT528990,18418398
985,嗨起來嗨起來！,Dino112358ww,18420964
987,拉拉拉拉拉拉拉拉拉拉拉拉拉,satan7599,18408692
987,每周落枕(1/1),Lukuiyi,18415220
987,啦啦啦啦啦啦啦啦啦啦啦啦啦啦啦啦啦啦,EXSEXS,19724624
989,徳意忘刑,question3334,18402010
991,啦啦啦啦啦啦啦啦啦啦啦啦啦啦啦啦啦啦,dolphin128,18406490
991,拉拉拉,watermelon0,18418032
995,啦啦啦,sam52166,18427361
998,拉哩拉哩拉哩拉哩拉哩拉哩拉哩,jekai50,18416569
1000,ʕ •ᴥ•ʔ,p890825,18407597
1000,那不是小孩唱 是no摳本人唱的啦,a89shima,18415116
1002,啦啦啦啦啦啦啦啦啦啦,mark372505,18410028
1004,拉拉拉,Kevin709,18417872
1009,吸毒吸毒,Hs1n12,18411467
1009,拉拉拉拉拉拉拉拉拉拉拉拉拉拉拉拉拉拉,ABCD0909,18635052
1010,哈哈哈哈哈哈哈哈,Katypaypay,18411957
1012,有人拉小提琴炫技版，超好聽！,grayjealousy,18407403
1013,啦啦啦啦啦,Bokiboy0368,18402876
1015,啦啦啦啦哩哩啦啦啦啦,Valdrada,18409143
1016,lalalalalalalalalalalalalalala,yoyolake,18413456
1017,拉拉哩拉拉哩哩哩拉,fish880315,18407519
1018,啦啦啦啦啦啦啦啦啦啦啦啦啦啦啦啦啦啦,DKLin0218,18412830
1018,拉拉拉拉拉拉拉拉拉拉拉拉拉拉拉拉,Valdrada,18455164
1020,啦啦啦,Ian900812,18704317
1021,拉拉拉拉,hhh20061205,18403384
1021,啦啦啦啦啦,Paulchiu0825,18411249
1022,啦啦啦啦啦啦啦啦啦啦啦啦,k20050819,18415882
1024,拉拉拉拉拉拉拉,john95038,18427106
1025,嗨起來啦,Vovo33,18409967
1028,拉哩哩拉,a22634087,18407994
1029,hahahahihi,yh0065,18407395
1030,真的嗨爆XD,Dino112358ww,18420972
1030,拉拉哩啦啦哩哩哩哩哩,xbcking1,18478370
1031,啊不要睡了起來嗨,jijimaoh,18406001
1036,這主題曲會成為經典,Zha1324578,18402847
1044,啦啦啦啦啦啦～,qwe25149,18508073
1045,嗨起來嗨起來！！,Yuyiiii107,18825973
1050,感覺回到納粹時期的歌曲,Safina,18401663
1050,偷渡MAPPA心聲,Valdrada,18455182
1052,預算少是說MAPPA偷渡心聲嗎?,Valdrada,18455174
1059,lalalalalalaialalilalalilililila,zxc39247028,18403723
1064,完整版Mora已上線,jjoes77tw,18403847
1065,拉里黎莉啦,ryanok,18419672
1069,拉拉拉哩哩哩拉,chyunine,18438465
1082,lalala,yh0065,18407398
1085,啦啦啦啦啦啦啦,Valdrada,18409100
1090,拉拉拉拉拉哩哩哩哩拉拉拉哩哩,yjchen940307,18406949
1091,拉拉拉拉拉拉拉拉拉,ak878787,18554138
1092,啦啦啦啦啦啦,a14725836915,18404408
1092,拉拉拉拉拉哩拉拉拉哩哩哩拉,pcasoldtwo,18480805
1095,拉拉拉拉拉拉拉拉拉,fish880315,18407523
1095,啦哩哩哩啦～,orpeter2266,18420371
1096,啦啦啦啦啦啦啦啦啦啦啦啦啦啦啦啦,b26621049,18428679
1100,啦啦啦啦啦啦哩啦啦哩哩哩啦,Poopgod,18410646
1100,每個禮拜都跟嗑藥一樣...,kawhi880831,18422737
1103,大里簽到拉XD,l125578036,18402461
1103,喇西喇西喇西喇西喇西,PGONE5527,18420856
1105,啦哩啦哩啊啦啦啦啦,Katypaypay,18411966
1113,小叮叮叮噹,Valerie713,18406371
1119,啦哩啦哩啦哩啦哩哩啦,hokywrjjq,18419204
1123,大爆炸的場景增加了,A134679258,18411210
1125,會有人敢在最前面,Waylonhuang,18403231
1125,啦啦啦啦啦啦哩啦啦哩哩哩啦,Lightning727,18413141
1128,拉哩哩拉！！！！,kuo78925,18412448
1142,lalalila,yh0065,18407401
1142,大家都懶得打了嗎?XD,NightmareWTF,18412199
1151,拉拉拉拉 啦哩哩哩啦,satan7599,18408702
1152,如果現在是1939年那巨人根本不用活了,zero135101,18426859
1157,拉拉拉拉拉拉拉拉拉拉拉拉拉拉,kenny4020288,18418651
1167,一起拉哩拉哩拉拉拉拉哩拉,y2563300,18763410
1168,拉起來,Juishu0430,18406282
1174,啦啦啦啦啦啦啦啦啦,yingchu0915,18657495
1174,拉拉拉拉拉拉拉拉拉拉,a33899850,19809204
1177,拉哩拉哩拉哩哩,qwe25149,18508085
1180,啦啦啦啦啦哩啦,Ray970925,19238596
1183,啦提斯,Valdrada,18409154
1187,啦啦啦啦啦啦啦啦啦啦啦啦啦啦啦,hushaojia88,18405654
1188,啦啦啦啦啦啦啦啦啦啦,PGONE5527,18420862
1194,啦啦哩啦啦哩啦,i85242378i,18406629
1196,畫面好像越來越清楚了,ghjk9898,18403096
1196,聽到現在歌詞都不會只會拉哩哩哩拉,Eddy20060210,18403574
1197,啦啦哩啦啦啦哩哩哩,xixi270487,18415841
1201,啦哩啦 啦哩哩哩啦,andy212211,19013728
1211,啦哩啦啦哩哩啦,a862853461,19821917
1215,拉拉拉,yufengww,18451550
1216,創哥牛逼,dgjg0622,18510606
1219,吸毒吸爆,Hs1n12,18411473
1219,拉哩哩哩拉~,Wei950223,18540756
1223,啦啦啦啦啦啦啦啦啦啦啦啦啦,EXSEXS,19724635
1226,拉哩拉哩拉哩拉拉哩哩拉,chon741203,18416185
1226,拉c,qwert654892,18419409
1235,大家都怪怪的,Cla9304001,18475086
1240,3/1簽,Aalex0320,18404697
1244,hahahahihahi,yh0065,18407404
1249,不好聽耳朵壞了ㄅ,kenny0905,18409375
1256,啦啦啦啦啦,rchanmilo,18404068
1260,拉拉拉拉拉拉拉拉哩哩哩拉哩,Valdrada,18455190
1265,啦哩哩哩啦,a540530313,18403988
1265,拉拉拉拉拉拉拉拉,sally3180890,18410865
1282,一直聽到喇舌的 是我問題嗎,ichigo1508,18419676
1285,啦,welsonhsieh,19083767
1297,啦啦啦啦啦啦啦啦啦啦啦啦,morgans13568,19716771
1299,大聲說是誰的,Xstartedzero,18420903
1302,我的!!!!!!!!!!!!!!!!!!!!!!!!!!!!!!!!!!!!,Lukuiyi,18415236
1310,拉拉拉拉,PJM130613,18404498
1325,大聲說！誰的？？？？？？,kuo78925,18412465
1330,我,Dino112358ww,18420985
1330,我,Dino112358ww,18421003
1331,3/2簽 服裝週要開天窗了 但還是簽一下,linzzzzzzzzz,18422944
1335,我的我的我的我的,Jimst6969,18404917
1335,我,ksbrk819,18483126
1336,我,KCHEGYSZ23,18919491
1336,前幾季比較好聽,Qboyyaaa,19243215
1337,我的,Valdrada,18403145
1339,我~買,a48404850,18421369
1340,我,jack831215,18416289
1340,誰要摸亞妮,Sam20040126,18431005
1340,跟冰冰姐泡湯的是誰？,zilla32256,18449979
1340,我,XCINDYCC14,18478808
1341,我,r12761276,18427263
1341,嗨起來!!!! 誰的!!!!!,love20051003,19717673
1342,我,CHT528990,18418413
1342,我,doctry,18425743
1342,我~,ndsl619,18453601
1345,我~,vp00616239,18401221
1345,我！,York0101824,18404662
1345,我的我的我的我的,TW010278,18420858
1347,啦哩啦哩,hushaojia88,18405661
1347,我我我我,yjchen940307,18406958
1347,大聲說是誰三公分????,leedo56,19450075
1350,我你ㄇ,prince4579,18421750
1351,雷姆老公是誰,Liangjing87,18406150
1351,渦~~~~,Dino112358ww,18421007
1352,我,wwd109,18443743
1353,我,chon741203,18416192
1354,我,ufo167,18426605
1355,買我,ksbrk819,18483129
1356,我,liang30303bh,18401316
1360,有人聽過原版嗎,Waylonhuang,18403243
1361,66666666666666666666,Ray105ray,18412005
1363,買我,dolphin128,18406502
1364,假幣是誰的,q09322119,18428328
1365,買我,z328750,18401838
1365,我,Valdrada,18455191
1365,賈碧是誰的～,nhaoma,18527963
1365,我的我的我的假幣下去啦我的我的我的,Yuyiiii107,18825992
1367,買窩,Dino112358ww,18420988
1367,賣我,XCINDYCC14,18478811
1368,買我,r12761276,18427217
1368,買! 我~,ndsl619,18453608
1370,我,Amonguy,18409242
1370,買我,Mike4180,18414506
1370,買我,CHT528990,18418415
1371,賴我~,vp00616239,18401223
1371,我的我的我的我的我的我的我的我的我的,JerryoAo,18410078
1373,我 賣我,aatt6677,18407995
1374,早安,Aster666,18406602
1374,我,hokywrjjq,18419220
1375,我,Lightning727,18413149
1375,我,xiyue0210,19158551
1377,我,iop2486,18401758
1377,喔,syun0818,18453157
1378,我的我的我的,Juishu0430,18406293
1379,我的我的我的我的我的,coco487,18415995
1379,我,haha048487,18417885
1379,我,twojunior,18425761
1379,我！,ginny930917,18954593
1380,巍峨學府,TinYuet7,18402797
1380,warrrrrrrrrrrrrrrrrrrrrrr,MrHistory666,18595330
1380,買我,TERRY0725,18975650
1384,寶拉是誰的老婆,touhou18,19318981
1384,我,scott11232,19791760
1387,我,jekai50,18416587
1387,我,whathelol,18808250
1388,我的我的我的我的,loveliya,18438404
1389,賣窩！！！,Dino112358ww,18421014
1390,啦啦,welsonhsieh,19083770
1391,窩~,Dino112358ww,18420995
1393,連結是誰釣的,liang30303bh,18401323
1394,統神是誰的,creepernoob,18403153
1395,我的我的我的我的,happy910506,18415162
1395,寶拉誰老婆?,Ilvlii,18439546
1395,我的我的我的我的我的,malegff4633,19400410
1396,買我,nightmoon0w0,18526652
1397,我,homegra,18404905
1399,我我,wwd109,18443745
1400,我,bokseng,18408180
1400,買我,XCINDYCC14,18478814
1401,買窩,dolphin128,18406510
1401,買我,r12761276,18427264
1403,拉拉拉拉拉拉拉拉拉拉拉拉拉拉拉拉,nina971004,18438893
1404,我的我的我的我的,Hwhat123,18402718
1404,中國是誰的那個有夠有才,DarkSlayer,18402881
1404,泡湯的冰冰姐是誰的,bomb1994,18414061
1404,誰有女裝癖？,OPEN5201212,18416814
1405,我的我的我的,janice0334,18403943
1405,誰要幫我買陶朱隱園,AllenWangABC,18404734
1405,我的我的我的,Inla8787,18419254
1405,賣我,TERRY0725,18975653
1406,我的我的我的我的,crazyvece,18415534
1406,我的我的,a33899850,19809214
1407,窩,Dino112358ww,18420990
1407,我我我我我我我我我我我我,morgans13568,19716773
1409,馬保國兒子是誰？,EXSEXS,19724649
1410,我,alex20275,18402332
1410,我的我的我的我的我的我的我的我的我的我的,Edgehu0718,18402783
1410,罔腰肚子裡的孩子是誰的？？,zilla32256,18421444
1410,我的我的我的我的,xiyue0210,19158555
1411,我的我的我的我的我的,xixi270487,18415855
1411,我的我的我的~~,m7e3k6a,18421775
1411,我的我的我的我的我的,zzz316361699,18423229
1412,武德武德武德武德,negget22,18421859
1412,我的我的我的我的,jiahong6969,18497447
1413,我的我的我的我的,J7001030,18408882
1414,我的我的我的我的,d800604,18405896
1414,我的我的我的我的,Poopgod,18410656
1414,我的我的我的我的,srpg99,18412838
1414,我的我的我的我的我的,KCHEGYSZ23,18919506
1414,我的我的我的我的,rei196,19071095
1415,我的我的我的我的我的我的我的,emma0731,18401475
1415,我的我的我的我的,qaqryder,18408093
1415,我的 我的 我的 我的,yoyotomqoo,18414084
1415,我的,Dino112358ww,18421019
1415,我的我的我的我的,cheater69696,18425767
1415,我的我的我的我的我的我的我的我的我的我的,sadhappygood,18439759
1416,我的我的我的我的,Dnsrost,18402819
1416,我的我的我的我的我的我的,cesium202,18406692
1416,我的我的我的我的,smile6315,18408200
1416,我的我的我的,jacky8405axd,18424768
1416,我的我的我的我的,alex960127,18430362
1416,我的我的我的我的我的我的我的,XCINDYCC14,18478816
1416,我的我的我的我的,irene0618,18481370
1416,我的我的我的我的我的我的我的我的,qwe25149,18508121
1417,烏德 烏德 烏德 烏德 烏德 烏德,pkpk440666,18401866
1417,我的你的,DannyDaiYT,18408905
1417,我的我的我的我的我的我的我的,H0986252665,18409785
1417,我,Lukuiyi,18415245
1417,我的我的我的我的,CHT528990,18418420
1417,我的我的我的我的,Xstartedzero,18420906
1418,我的我的我的我的,a22634087,18408001
1418,ㄜ我的我的我的我的,chon741203,18416198
1418,張國平是,Richie110555,18581652
1419,我的我的我的我的,hhh20061205,18403398
1419,我的我的我的我的我的我的,yh0065,18407411
1419,我的我的我的我的,hokywrjjq,18419223
1419,我的我的我的我的我的我的,piggyi2i7,18598353
1420,每周我的(1/1),fc3s4321,18402719
1420,我的我的我的,zzz320000,18403408
1420,我的我的我的我的,weber890417,18413864
1420,我的我的我的我的,orpeter2266,18420379
1420,我,ert1288,18424304
1420,我的我的我的我的,Aneyka,18466568
1420,我的我的我的我的,ksbrk819,18483135
1420,我的我的我的我的,fairy1999107,18639954
1420,我的我的我的我的,adam20050823,18886781
1421,我的我的我的我的,special30708,18403518
1421,我的,RedSwan,18406076
1421,我的我的我的,cshen511,18437991
1423,我的我的我的我的！！,Bitch1011,18404767
1424,每次都要給這段彈幕笑死,neal0123,18407697
1424,我的拉peko,jekai50,18416595
1424,我的我的我的,Dino112358ww,18421022
1424,我,ak878787,18554146
1424,我的我的我的我的,q35g6j7,19030851
1425,我的我的我的我的,as810505,18405326
1425,我的我的我的,Ian900812,18704329
1425,我的我的我的我的,max666wang,18725152
1427,我,a5880537,18404223
1427,我的我的我的我的,satan7599,18408719
1427,我的 我的 我的,DKLin0218,18412847
1428,我的,hihi4H,18401267
1429,我的我的我的我的,iop2486,18401760
1430,我的我的我的我的我的我的我的,z328750,18401843
1430,我的我的我的我的,a12849az,18403996
1430,我的我的我的我的,wei00310,18405297
1430,我的我的,yjchen940307,18406964
1430,我的我的我的我的,mingzi0917,18412501
1431,我的我的我的,davidddd,19369114
1435,粉字笑死,Len20susabi,18410087
1435,我的我的我的我的,TERRY0725,18975657
1436,我的我的我的我的,john95038,18427119
1439,我的我的我的我的,s019487,18405038
1440,我的我的我的我的,aatt6677,18407997
1440,冰冰姐是誰的?,axdc744,18412603
1442,我的我的,wwd109,18443746
1442,我的我的我的我的我的,kaixd9900,18471079
1443,空降成功,zxc940412,18404506
1443,我的我的,hushaojia88,18405666
1444,我的我的我的,blackcat9456,19107365
1445,我的我的我的我的,howard7266,18412427
1446,我的我的,Fjffygk123,18417704
1455,我,welsonhsieh,19083774
1460,🪂🪂🪂🪂🪂🪂🪂🪂🪂🪂🪂🪂🪂🪂,jeff9119,18408722
1463,我的,nina971004,18438894
1466,我的我的,radseg,18449272
1467,111111111,Crystal60506,18499307
1470,有人在？,Luoyu0109,18407857
1470,我的,Valdrada,18455196
1471,我的我的,yes1058,18485526
1486,中國是誰的？我“們”的,howard8786,18408028
1489,前面那個打冰冰姐的給我站住,angrywaid,18435032
1490,啦啦啦啦啦,ruby201067a,18450098
1508,慕,joericky111,18402478
1514,michibiku 好熟悉的單字,tommyya17,18406232
1523,幕,SeanY0515,18401870
1525,感謝空軍1號總司令,aspire586,18404817
1532,翠,sdsdasd,18408679
1543,赤司,yu0630158,18485230
1550,暮,joericky111,18402481
1584,21 砲的站出來,vviiccttoorr,18411448
1605,關彈幕嘍,CHT528990,18418432
1610,21砲本部連到,JR00432468,18974710
1625,58砲一營報到,s14421,19022478
1630,過半警告,Yuyiiii107,18826006
1665,跟著唱的 踹共,Cla9304001,18475104
1672,他們那個時候到底是有多少人喜歡金髮…,hdx941101,18707873
1677,伏筆,Ksdx05589,18406259
1685,我正在看,Luoyu0109,18407866
1690,:),carry201794,18415788
1700,43砲的站出來,TainanWeed,18420974
1726,看報紙才知道,j26733514,18408075
1728,月入十萬 免經驗可,wolf978,18445300
1730,阿爾敏168ㄛ,ac0114,18404618
1754,神摸字,Lukuiyi,18415267
1757,倒過來看就知道了,wolf978,18445260
1770,你ie哦,allan198787,18410539
1785,貝爾托特! 你的巨人之力跟老婆都由我收下!,yu2shih,18402671
1806,我也是看報才知道,Chyoubahamut,18423128
1816,打倒日本鬼畜滯台日奴,nzbxvcasdf,18594403
1859,3,rchanmilo,18404082
1859,象蚌 650,kvffz41399,18631314
1860,要再一次內戰了嗎?,alex20275,18402348
1865,靠北我在搭高鐵以為旁邊在暴動..,sm6645133,18405723
1865,韓國瑜造勢會場？,z45130892,18472688
1875,這路人怎麼聽起來像梶裕貴XD,a7469588,18405569
1885,翁山蘇姬,wayn1234,18858019
1894,噢噢噢噢噢噢噢噢噢噢,Andrew951108,18421452
1895,這牙齒比天峰還多,zilla32256,18415331
1910,木瓜牛奶25,Minlea0119,18403026
1914,珍珠奶茶50元,acc013252480,18403485
1915,暴民,aatt6677,18408012
1922,六四天安門,Kibi950101,18403399
1934,字幕們wwwwwwww,syuann6,18407202
1938,水姑娘1680,dwl32415,18411895
1944,奶油螃蟹200元,Butter94,18411014
1947,只有今天限定,Deasonn,18972247
1948,亞妮一份3000元,Ruby0702,18404146
1949,帝國代表會被滅喔,dayangxishan,18460090
1949,歷史老師教的,dayangxishan,18460097
1950,紅字你們在拍賣喔,a37320682,18405841
1951,覺青,kyr753bgf,18499590
1954,吵啥,jupiter313,18410266
1956,我要十份亞妮302號房謝謝,iu19816150,18412508
1956,米卡莎一份,Dino112358ww,18421050
1957,一杯芋頭西米露微冰,WinnieMifan,19873422
1958,啪一次5000元,zxcvqwr,19352352
1960,紅字艾倫媽媽一份謝謝,wade930517,18402716
1960,假幣去死5元,Yuyiiii107,18826020
1964,墨西哥粽 100元,luxini,18412112
1965,水喔 開始想復僻帝國了耶這些民眾,davinci12138,18401368
1966,緬甸?,c23774060,18416702
1967,賈碧20元,liang30303bh,18401403
1967,賈碧給我100元,axdc744,18412715
1970,怎麼沒米卡莎,Lukuiyi,18415302
1971,幹紅字你們這些人XDDD,wilson900112,18401726
1983,超商大夜班被攤販叫賣嚇傻,sweetantt,18402518
1983,！！！！,rchanmilo,18404092
1983,沙夏 八萬一,BRUCE84723,18404348
1985,兵長$50,Yi28,18845247
1988,下北澤拉麵810元,baha321mt,18412371
1993,紅字笑死,br12456,18410683
1994,艾粉出征 寸草不生,E04ILOVEMAKI,18412578
2000,艾連聲望太高了吧 功高蓋主？,jim01280218,18923140
2006,解放翁山蘇姬,N520911,19298029
2015,前面假幣20的，我買了,a38284380,18403027
2017,不管哪裡沒滿四十女性都我老公,touhou18,19319015
2022,包圍????????!!!!!!!!!!!!!,NightmareWTF,18412242
2022,含粉動員  現場人山人海麻,GOAWAY123,18414992
2036,破壞氣氛欸你們ww紅字,kitt10,18404517
2038,及古籍翁,sinevanish,18424523
2041,艾蓮造勢現場,s886173241,18416358
2050,快笑死,WinnieLin616,18410774
2050,来一份煎饼果子,yagerzy,18480265
2053,看報才知道是什麼,n3ds1209,18401143
2067,817出現了,crazydomo,18937114
2068,這叫包圍？笑死,bjackkk,18451461
2068,幹這是什麼大叔呻吟XDD,tpysz5n,18550741
2070,便秘臉,doiesy0423,18412487
2089,這叫包圍？？？？,sunday520,18401983
2104,造勢大會,luyuxin0509,18452973
2120,怎麼了 老婆,doiesy0423,18412491
2121,這個跑步好怪....作畫有待加強,autismer,18795611
2125,那個說便秘臉給我站著,Yuyiiii107,18826032
2126,跑步也太怪了吧,undertalemax,18411019
2128,卡其脫離太 莫諾莫那衣,trawowo,18401484
2129,請問這是QueenBee製作嗎,tanyihao1010,18403401
2130,越看越像JOJO...,alna30101,18416223
2130,我叫做基德，是個調查兵,GOOGLEl,18487096
2132,看這麼久憲兵終於有事了,abc123939735,18415217
2132,跑步這種奇怪的地方突然崩了,benk0125,18468587
2134,婆婆婆婆婆婆婆婆婆婆,hhh20061205,18403430
2135,卡其擴離太,Wayne890925,18404414
2135,我婆聲音好好聽❤,chiimnyq,18416452
2136,JOJO廚夠了啦 鬼滅就是這樣顧人怨的,touhou18,19319034
2139,QueenBee製作那個是魔鬼嗎?,baha321mt,18412393
2139,這個臉……,auu0909,18415567
2141,莎哥,i85242378i,18406662
2144,米卡莎你怎麼變巨人了？,bigmod,18402686
2149,婆～～～,momo940901,18654240
2150,停不下來,alan871216,18613451
2154,這不是我認識的米喀沙,Z037871122,18418508
2159,這臉..............,a961136196,18408044
2168,比對漫畫，人數差的真多,justin22127,18405223
2170,經費沒了喔,npr286rx,18411806
2171,怪,dylamwu9121,18412202
2173,包圍?,KevinLiTZ,18408114
2174,176,abc983825273,18411405
2190,這側臉是從GIJOE跑出來的嗎,ohya151515,18410705
2194,本來就沒什麼胸，之前是美化的,peter0221022,18423714
2198,太崩了吧我的天啊 XD,ken01059797,18444027
2199,176,kgtty840311,18440218
2205,經費能省則省,S0939073714,18429788
2211,不要再剪短啦,H51117,19462284
2214,?????,lunafreya123,18405524
2215,外包網製作,qaz80429,18441549
2220,說沒什麼胸的 給我去看自由之翼OP,chiimnyq,18688279
2223,這有點崩壞啊,antiwty,18401938
2231,納蘭迦,A2005724,18402181
2235,大型巨人 什麼時候才會出現？,Luoyu0109,18407885
2250,陳小東吃77,o3o3,18558563
2251,崩,Ckjj16899,18436746
2255,等護航mappa的出來,aaz957666,18402218
2273,應該就是他們放的炸彈吧,Garurumon520,18401540
2279,去看咒術不要看巨人阿!不要在這邊比較經費,cat29175,18408522
2282,，這卡怎麼割的,aozakiace,18438394
2285,坐啊,a4830491,18401865
2286,阿爾敏你的臉?????,love20051003,18416254
2295,米卡莎臉也太JO...,Vayinoo,18410760
2304,穿大衣才沒胸吧,Flamie7124,18426997
2316,伊雷娜,V26230026,18401651
2316,好帥,V26230026,18401655
2320,錢花咒術還看不出來啊,iuuui777,18422990
2320,工期問題一直提，知道短還硬接,iuuui777,18422991
2320,差不多時間兩部ㄧ比較高下立判還不能批評？,iuuui777,18422997
2325,爆破小組,aatt6677,18408027
2325,銀宙 帥爆,sw34266618,18518471
2328,可以還我正常的米卡莎嗎,as085566as,18422538
2351,兩者工期不同能比喔.......,peter0221022,18447667
2352,猴,c5040790,18464716
2360,咒術光監督是朴就知道很狂了 不要比啦,jessieisfox,18670126
2372,MAPPA都比WIT多三倍經費了,RiverNickWu,18402109
2372,沒有經費不足，只有沒畫好或是沒時間,RiverNickWu,18402113
2374,失望,Ckjj16899,18436747
2375,耶穌蜥蜴跑步,DyLan8787,18421849
2376,猴,Cidda033,18415179
2377,每集都在崩了＝＝,timmyjjljg,18406088
2390,經費都在揍術,scott00168,18415118
2394,錢全花到咒術身上了,aa930321,18461040
2398,猴,a109612071,18423397
2417,ㄋ,Baha960508,18524297
2440,愛看又愛嘴,jumyaiy498,18424545
2447,傳說屁孩滾,as085566as,18422540
2450,埼玉：我年輕是可是很強的呦～,DyLan8787,18421856
2454,是蔣中正,Dino112358ww,18421076
2455,不是重要畫面就省這點用吧,Aa7070910,18406498
2474,奧提斯家的豐收之神,jenn28ab,18414898
2481,瘦了QQ,zz666387,18407601
2482,蔣公,player0309,18421749
2482,愛看又愛嘴 一群可憐的,luyuxin0509,18452991
2486,妳????女生???,po07890998,18405142
2491,妳原來是女的,SwallowLin,18401386
2492,可以麻煩你不要讓台灣推出聯合國嗎,pp305070,18404535
2497,台灣根本還沒建國加入聯合國好嘛,coolch20,18435129
2509,她是女的？,eli970725,18414234
2524,拉拉拉拉拉拉拉拉拉拉拉拉拉拉拉拉拉ㄌㄚ,sally3180890,18410926
2531,老蔣,iven1106,18412766
2532,兇T,dodonpachi,18423886
2542,測試,simon813452,18424480
2546,崩了,Ckjj16899,18436752
2550,昨天二二八,Tony10308,18402011
2553,銀晝啦,asd5577189,19007258
2562,她跟阿爾敏長好像,starsqqq1734,18899677
2572,蔣公,jupiter313,18410275
2575,好平(´･ω･`),kevinken2007,18409769
2585,好熱,virgonelson,19663355
2586,這才真的平,qwerty777,18408926
2627,202公分銀晝XD,Milokusheep,18410363
2630,雙帥,witchhazel,18577356
2630,主席,virgonelson,19663364
2633,主席這一幕漫畫很帥,peijuchen,18507140
2636,作畫錯誤，完全不用心的mappa,clty3000,18425726
2637,艾連那時候還沒綁丸子頭吧,a57892187,18401872
2652,這時的主席還沒有綁自由頭吧!!!!,fan9714,18410543
2660,自由頭這時候已經梳起來了？,iuuui777,18423002
2670,對啊我也混亂 那時候沒丸子頭吧,vinnie1535,18408599
2671,蔣公逆齡,jxu407,18405936
2671,艾主席～～,momo940901,18654246
2672,帥,lloerin,18407377
2680,砧板,abc20031107,18411603
2687,說實話說崩的可以不用看，去看漫畫好了,a48770651,18414579
2695,（妳）？,Q123230905,18405090
2705,這時候應該是17倫吧！,ruby201067a,18450112
2710,銀晝,Cola89400,18402730
2710,伊蕾娜真的很帥,ninaning0329,18419812
2715,銀咒,Xiang1217,18420207
2716,超像男的,sean30349,18654336
2720,想看打鬥不會去看鬼滅？,ouguanchen,18403353
2728,別懷疑！伊蓮娜就是女的！！,fan9714,18410559
2735,聲線跟原本預想的一樣,ninaning0329,18419820
2743,在場一位巨人,Hsuhundred,18413382
2760,嗨老公,mudzzi,18408953
2771,伊雷娜的下巴好突w,ouo29197,18416876
2785,銀晝,Waylonhuang,18403308
2787,感謝偉大的先總統蔣公讓我可以在228爽放連假,fonta1214,18444687
2790,蔣中正,huang04072,18404895
2802,傳說狗滾,Si108,18403065
2820,說蔣中正的給我出來,Vovo33,18410011
2826,可以不要再秀傳說玩家的下限了嗎？,shawn940508,18424001
2835,真的別再銀晝了,Joshua931005,18426517
2858,銀你媽啦,Ilvlii,18439575
2860,他是女生阿阿,Luoyu0109,18407919
2861,銀你媽晝,CHT528990,18418492
2867,你沙小,Lukuiyi,18415351
2870,說銀晝的滾去乖乖玩傳說啦,qaqryder,18408149
2882,帥,michelle9487,18413523
2885,伊雷娜是身高202cm 的女人◉‿◉,amy41314020,18405344
2893,過濾彈幕關鍵字 銀晝,chrisliu926,18435430
2898,真的長得有夠像銀晝,bruce1716953,18402598
2915,新潮打扮！其名為伊雷娜,luffy10140,18437861
2922,沒啦 只是另一個性別阿爾敏的,H88106,18405339
2930,銀晝帥爆,Qboyyaaa,19243269
2939,銀晝？？我戴個帽子你會不會說我像凡恩,hdx941101,18707941
2954,像,b0908279601,19200637
2960,垃圾手遊玩家閉嘴,kevin13958,18437821
2973,銀晝,b0908279601,19200640
2977,煩不煩?一直比咒術跟巨人,cat29175,18408564
2982,第四季獨特的畫風,DannyDaiYT,18408946
3011,讚,Jack990905,18405083
3050,被說中就開始煩， MAPPA粉只能誇？,iuuui777,18423015
3062,中二喔,negget22,18421867
3069,這邊聲音感覺不夠失控? 畢竟司令表情很驚訝,martin6983,18408875
3075,我當時害怕極了,zxc1061329,18694649
3089,了解粉絲的想法!!,a82380,18549801
3091, 只是個迷妹,mc8867a,18412908
3108,⁽⁽◝( •௰• )◜⁾⁾,Avenziker96,18478973
3113,嚇到ㄌ,jupiter313,18410285
3114,胃酸逆流,m1a2002,18404199
3117,手臂浮空→,qaz80429,18441589
3120,白字那位不會玩乖乖閉嘴一點有膽下載單挑,john910804,18908150
3120,把你打成狗,john910804,18908151
3126,迷妹,kofdoa,18411022
3132,手這樣撐不合理吧= =,simon1201200,18420014
3134,叔鼠,yaotingz94,18402401
3138,胃食道逆流,mingjyo1110,18428292
3140,不是啊那個手是怎麼撐的？？,Ckjj16899,18436759
3145,回頭殺,DyLan8787,18421866
3147,即位服飾定，一碇搞定,Lukuiyi,18415374
3160,那是為了讓人物五官更深邃，一堆智障！,Sylvia900111,18406942
3175,阿帕茶+1,question3334,18402070
3189,多娜茶好喝ㄇ,KGPSOEROG,18401573
3217,印昂,Avenziker96,18478977
3240,庫拉皮卡,Was65991cxz,19464130
3246,，,s101170,19776846
3250,這個是擦傷嗎,allan198787,18410589
3252,每個國家都有這樣的人不要貶低台灣,afs10279,18426794
3275,越看越像銀咒,az0908931227,18423488
3278,這計畫風很好啊，就是不太穩定,as0615719,18633583
3293,紅字+1,leedo56,19450376
3306,本來就那樣不喜歡不要看啊,kitt10,18404558
3324,咳,Avenziker96,18478984
3356,安卡變老了...,iven1106,18412793
3367,那個線只是漫畫的呈現方式而已,j106015maple,18417353
3373,fock,Jack990905,18405093
3374,咒術工期後阿，怎麼比,peter0221022,18423474
3375,時間趕要接還怕批評？,iuuui777,18423024
3375,咒術做的到巨人不行？感覺差不能表達？,iuuui777,18423029
3378,一直吵這個，BD不會多買一點喔,peter0221022,18423479
3381,漫畫的節奏就這樣,peter0221022,18427128
3385,啊巨人就工期不夠接了還要被嫌媽趴真衰,Hdbdhiw,18425898
3400,不同團隊啦 一直嫌的人也不會買BD,jessieisfox,18670175
3413,警告 已過了5分鐘,Lukuiyi,18415400
3415,是要講多久ㄏㄚ,CCGF,18419933
3425,過半警告,wl01593491,18580358
3435,主席萬歲,Q123230905,18405116
3438,為什麼臉上都會有線條,jupiter313,18410293
3460,主席的器量比你想的還要大一百倍,muro5689,18414525
3463,美女副官變了@@,iven1106,18412798
3472,漫畫線條更多更黑...真還原你會罵更兇,sjay995,18439879
3483,臉上線條是作者畫的陰影，雲觀眾喔,peter0221022,18427142
3483,動畫還原而已,peter0221022,18427145
3486,不能接受回去看你們的異世界后宮吧,touhou18,19319085
3495,銀晝,Hideonbusq,18525279
3511,線條是漫畫的畫風 看過原作再來嘴,Hazel76,18426493
3519,說經費的你們都付錢了嗎？？,zyl0811,18451350
3520,哇勒哇勒哇,leotang1228,18402914
3528,我到現在體感10分鐘了,Gary95512,18418416
3534,手肘騰空笑死,dwehone1207,18403602
3548, 這2位有坐這麼近?中間不是有桌子?,alantung,18735778
3554,過半警告,vbnk2020,18417916
3580,哇勒哇勒哇,amy41314020,18405378
3593,我哩我哩挖,Valdrada,18455277
3607,哇勒哇勒哇,time921020,18919410
3612,張家兄弟?,sean15645,18406430
3617,是只剩骨頭了吧....,a791022,19487756
3620,這個瘋女人真的太棒了,V26230026,18401678
3628,諸君 ..,Inosukesuki,18600737
3637,嗑藥了啦這個臉XDDD,Qboyyaaa,19243295
3644,源源不絕的靈感,sexy53115311,18895946
3646,這笑容由各未來守護,hi123919157,18402736
3650,恐怖,Shihan1120,18403822
3650,金普利XD,akb481234,18462930
3660,這角色長的真像林昇和師父= =,stu11235813,18422066
3661,痾,A843487682,18427548
3665,瘋狗一條,aatt6677,18408061
3668,中二欸,negget22,18421869
3670,戒色第87天,pimay2263,18620040
3674,劇透啊你?,sisterniose4,18435523
3675,真 病嬌,shean1230,18408104
3680,陷阱妹,oeashh,18416511
3684,男/女,Avenziker96,18478997
3702,雛見澤的站住,Eddy20060210,18403653
3702,空降失敗,Y563,18426240
3710,問臉上線條的是這季才開始看巨人的動畫嗎,QueenAnna,18433303
3725,屎拔拉西,LinJunOuO,18406035
3739,伊蓮娜人設是女性，怎麼聲音是男聲？,danny1208,18402627
3748,這就是所謂的強欲啊,vincent0209,18403504
3759,強欲魔女....,scott0717,18428449
3765,真醜,stu11235813,18422069
3778,o  o o o o o oooooooooooooooo,Antony0516,18885951
3782,嘎,Avenziker96,18479001
3790,好奇？茶？強欲？多娜？,love870904,18404984
3800,為了愉悅,ksvcs037049,18423833
3805,這明明就女聲==,lee547382,18405561
3827,只是比較低一點而已…,kitt10,18404590
3833,沒事,Antony0516,18885955
3834,齋賀光希女的啦，只是聲音比較低也常配男角,haruko0910,18407599
3850,用內內換身高,TW010278,18420912
3855,都看到這集還不知道是女生的，會不會太雲了,RainGod2333,18415291
3861,這對兄弟活超短喔,b048811997,19057917
3862,這集作畫也太崩了吧,qseft31200,18402178
3901,Ahoy!,joseph0319,18404682
3918,我愛你啊啊啊｡･ﾟ･(ﾉ∀`)･ﾟ･｡(？,lillian10702,18407731
3928,皮克轉職賣檳榔 是不是就變成 皮克西施?,loikest,18426406
3940,銀晝又不是瓜皮始祖在靠北喔,chaser2001,18533001
3957,艾連與吉克是兄弟沒錯啊,a2798402,18412515
3970,我來增加彈幕,a10752137,18408764
3973,旮旯,Avenziker96,18479010
3980,呀～,Spend95,18660713
3988,已經兩集打錯主角名字了,c9232,18409901
3992,鏡頭請給到賈碧,ay123486998,18426234
4003,言峰齊禮,mm90226,18970890
4022,順移,jack940104,18404106
4035,Yare Yare Daze,zilla32256,18415437
4040,原來說謊最高境界就是這樣啊,TERRY0725,18975787
4046,阿,Avenziker96,18479014
4047,這肖查某怎麼跟艾爾文有點像,fc3s4321,18402780
4056,此處有本,ak47335,18404328
4057,戈培爾,baha321mt,18412461
4061,經住這句 會考的,stellanox,18403963
4075,這句台詞真的很猛啊,iuuui777,18423033
4089,褲子裡面說有松鼠!,hychang,18409432
4090,哇嗚！她褲子裡是真的有隻松鼠欸,Ray970925,19238765
4091,奇塔塔普,chps0810,18415606
4095,😯,ruby201067a,18666980
4096,為什麼突然就承認了?,Valdrada,18455296
4098,牠不是雞也不是老鼠,z820911,18489117
4098,前面的 不要侮辱艾爾文,petrachen,19281148
4111,凱蒂絲你別走！,gaogaoyo,18452071
4130,？,ruby201067a,18450131
4133,來去菜市場看黑人呷水果,stagestyle,19007102
4136,將我催眠一切都模糊,X950816,18930736
4151,快去法國找她姑姑,X950816,18930747
4156,哈囉我覺得你在做牌！！,fan9714,18410600
4158,歐良果碰歐良果碰歐良,Heatshock,18417010
4158,歐良果碰,Heatshock,18417017
4160,27張牌,felwilll0418,18406898
4179,假洗,Valdrada,18409264
4195, 你技術太爛 還要我教,yu2shih,18402733
4206,安,S20020306,18406341
4209,哈哈 假洗牌,kevin0123056,18416033
4218,假洗,Valdrada,18455302
4230,牌 洗出JOKER 他講的都是假的,wzmf425971,18417118
4231,來去菜市場跨歐郎假水果,Kerry0915729,18412414
4236,手上這牌的圖案是荷洛斯耶,eyedrop1163,18417795
4245,韓吉偶婆啦,aa970818,18417700
4256,yo 斯摩基,A2005724,18402215
4258,經費給咒術了 這個崩點沒關係,b911004,18406347
4262,倒灰,aa30302606,18503461
4277,工具人,acc013252480,18403547
4277,經費不同委員會給的，別亂講好嗎,peter0221022,18423491
4299," 說""黑人""的等下黑人來奏你",Lukuiyi,18415448
4301,這張是侍者排，你最近的運勢可能...,fkl7619480,18420149
4308,島輝,aatt6677,18408078
4309,歐娘狗碰,fc3s4321,18402786
4312,印堂發黑,Juishu0430,18406407
4314,ㄎ,Avenziker96,18479021
4329,N I G G A ~,brianchanww,18435811
4331,巧克力,duhduh1018,18612157
4332,漢吉！,jupiter313,18410305
4341,差點被他rap起來,ziuchanan,19297108
4346,77777777,skyliu0907,18406811
4350,歐巴馬是誰?,Yixuanou1207,18403099
4350,我沒有歧視黑人，我只歧視你歐良果彭,chh930326,18421422
4360,我想看到他變巨人,Raycha2,18413377
4362,芜湖,yagerzy,18480319
4371,不要瞧不起黑人轉學生 歐良果彭R~,GOAWAY123,18415109
4375,我才不告訴逆勒～誒,Yixuanou1207,18403113
4375,尼哥,Waylonhuang,18403368
4385,斯嗎耐,Avenziker96,18479024
4399,歐釀狗彭,Brian0629,18419109
4405,歐巴馬 閉嘴啦,sekokawana,18421260
4406,巧克力巨人,ZKDOOH094,18951904
4414,來去菜市場看黑人甲水果,dwehone1207,18403626
4416,牛頓,winnie0801,18567729
4433,這是誰wwww2ww2w,ouo29197,18416937
4440,前面的巧克力巨人聽起來很好吃......,ginny930917,18954775
4457,歐巴馬大概是義勇兵 唯一良心,yu2shih,18402739
4470,當你便秘，想大號卻大不出來,Garurumon520,18401601
4472,牛頓哈哈哈哈哈,WinnieLin616,18410887
4477,1233211233321123321122333211233321112333211,yu0630158,18485353
4478,漢吉大便喔？,KCHEGYSZ23,18919590
4483,XD,kururu6425,18407323
4485,來菜市場吃水果,rex19990423,18407732
4487,沙下我婆,a6831689,18882221
4496,韓吉,nina971004,18438932
4506,烙塞,Wei950223,18540881
4529,歐娘果彭,loveGiemsa,18487293
4540,有沒有黑的巨人,Dale910820,18417757
4554,韓吉的眼睛如果完聲優梗真的,htrufb,18487946
4554,超像拿去做等價交換XDD,htrufb,18487948
4572,！！？？？？？？,heyman5488,18405162
4579,黑人問號,heyman5488,18405146
4607,不舔一下，確認他不是在說謊嗎?,giotto5990,18424033
4622,非良果彭,zunreada,18438031
4655,一定說謊,TERRY0725,18975808
4670,紅豆泥,Q123230905,18405156
4681,打光還可以那麼黑,a38284380,18403120
4691,前面那個很深的回來w,emma0731,18401718
4691,已經到了連歐巴馬都不認識的年代了,v1010748,18423010
4703,這位哥不膚淺,aadddffgg,18403238
4704,JO,Avenziker96,18479029
4715,這世界上有黑人就是他的祖先中了毒,black84103,18844340
4715,BY 查理B王子,black84103,18844341
4725,超爽der，撿到100塊,kanhrr,18403896
4730,貴兄需要星巴克嗎？,Tyler1109,18402127
4732,魔女伊雷納,fonta1214,18444822
4735,不加拉底,Avenziker96,18479033
4750,甲水果,lu930526,18404524
4750,中間的紅字很懂喔ww,James9322,18406999
4800,红豆你你你,hbvincent95,19185794
4819,印堂發黑,messiah0719,18403641
4823,歐郎果彭,peter99632,18531010
4825,西林那 緊等去塔豬啦,chengche8,18424479
4826,這就是每個女生夢寐以求的巧克力男孩,aa30302606,18503475
4831,愛蓮死了,AaSsDdzx520,19063829
4868, 228922的出來,asd098843283,18429566
4870,這黑人是亞尼哥哥嗎,junlin0218,18402568
4872,靠杯有電線,twojunior,18425828
4896,聽到漢吉的聲音就一直想到愛德😂😂,eann0623,18415923
4897,其實他大腿內側有顆痣,emma0731,18401728
4905,伊蕾娜,jeremy948769,18403830
4937,這黑人其實是女王孩子的爸拉,Hazel76,18426521
4943,上面黃子很嗨,Shihan1120,18403861
4954,123,supersbno1,18407313
4959,黑人的命也是命,goodtvtv,18403727
5040,前前任美國總統,Natsunatsuuu,18405573
5054,黑人手掌顏色細節好評,eyedrop1163,18417923
5072,人,rchanmilo,18404191
5093,手掌有色差 細節好評,ajkli258,18409065
5105,黑人如果變巨人 會是黑的嗎?,Neko69,19443197
5116,帥爆ㄌ我的伊雷娜,V26230026,18401703
5130,Winter Soldier,jorh8888,18414382
5133,回收之前瑪雷那個意義不明的跳樓事件?,DeepDark408,18403004
5145,不要污辱黑人...,z45130892,18401783
5149,第二集跳樓那個？,bullethell,18403383
5155,內戰之鬼,aatt6677,18408106
5157,蹦蹦蹦,kevin0123056,18416070
5166,這是戒嚴時期的國民黨特務吧?,Nolkgibble29,18414553
5175,不去當殺手太可惜,qwer40504,18406460
5200,GI JOE,chengche8,18424484
5214,好厲害呀,F94879481000,18410841
5220,被意外 不意外,justlanz0952,18401396
5220,指甲沒做好色差啊...,leemia961207,18957913
5222,讚喔,supersbno1,18407325
5230,伊雷娜真的秀,gcobs1249,18403974
5240,射很準（？,Dino112358ww,18421165
5243,所以好幾集前的那個跳樓的是她幹的？,mikelv200820,18405531
5243,這也太深了吧,mikelv200820,18405534
5250,韓吉這句話有深意,Valdrada,18409318
5273,護人周全的全啦,poker6607,18412870
5282,臭病嬌我就愛,hank420147,18424082
5282,共慘黨:死因無可疑,s214025,18426769
5285,哇😯,ruby201067a,18450146
5293,"人""權""",simon813452,18424507
5295,卡比,Amonguy,18409379
5300,🍠,Yuyiiii107,18826253
5310,全？？！！？！！？？！？！？！？！,himhamhum,18406019
5325,配樂讚,sean930620,18407378
5345,內鬼內鬼內鬼內鬼內鬼內鬼內鬼內鬼,morrisgo666,18419465
5355,來去菜市場看黑人甲水果,Mkc5238,18404851
5418,跟我來 歐巴馬,ts00794216,18421057
5430,剛果歐郎,hdsb0609,18550677
5431,Nyan,sean20081115,18916583
5435,歐娘果碰,ChienMimi,18421702
5440,歐娘狗碰,Edgehu0718,18403229
5444,歐娘狗碰,tkps30209,18525478
5445,偶娘可碰,alice881001,18405457
5445,歐郎蘋果,Zxc930624,18427518
5450,歐尼養狗棚,Aa72036269,18440684
5450,歐娘果碰,allssddaa,19120265
5454,一起找叔叔領紅包,sweetantt,18402596
5454,  歐娘狗碰,fay585858,18412959
5461,旁邊吃蘋果那位是關鍵嗎？怎這麼多鏡頭？,lecturiox001,18627747
5463,噢你養狗朋,pp305070,18404648
5487,歐娘狗彭,jekai50,18416755
5490,Bye Bye,Jason940814,18412775
5515,藝術家,aatt6677,18408112
5565,歐娘摳碰,Raytsai0622,18403609
5573,馬桶王,kgtty840311,18440274
5580,我想看藝術品,Edgehu0718,18403239
5586,肯德雞爺爺,Zha1324578,18402947
5592,衣架,yumilin0706,18406272
5594,藝術家  笑死,zx790601,18480029
5597,總統要熟了,hts83a666,18412683
5600,藝術家掰,ruby201067a,18450155
5601,獻花,w20745379,19199238
5605,老藝術家,A512343744,18424830
5609,8888888888888888888888888888888888888888,qqsgex,18402414
5616,JOJO,davidddd,19369219
5628,只會看戲,aung0137,18427860
5630,把第一季的米卡莎還我,jack22421709,18403859
5650,飢餓遊戲總統,ningwnick,18404034
5653,景泰然,smallrat,18408592
5663,大藝術家,jupiter313,18410332
5664,888888888888888888,ianwe123,18403049
5666,獻果,w20745379,19199239
5680,最後的藝術就是自身化為藝術,aatt6677,18408126
5686,都第12集了怎麼還有人在那邊說米卡莎畫風,A843487682,18427615
5693,3321123322112,yu0630158,18485356
5721,Wake up 你是大藝術家,falsmop,18410522
5729,8888888888888888,Hsuhundred,18413484
5732,蹦三小,links921002,18403685
5733,右邊那個紅色椅子怎麼這麼眼熟A_A,hightmilk,18403546
5739,想看艾連坐紅色椅子的舉手,eyedrop1163,18417984
5742,藝術品→,V26230026,18401725
5742,感謝總統的熱烈演出,Mao9453,18414767
5745,直接變巨人給他痛快😏,Safina,18430744
5770,月薪不到30k上班族&大夜班超商店員,sheeeep0960,18406267
5773,881,lina0303,18466944
5788,1122233322112,yu0630158,18485358
5802,888,kevin0123056,18416084
5810,我要把女主角做成藝術品,asdfg6938,18401562
5819,韓吉是研究人員，做這種事情太可憐了,wimpish591,18407223
5825,把民眾送去當食用兒童啦,TW010278,18420973
5842,...,rayray11,18404253
5846,椅子怎麼還留著wwwwwwwwwww,kkll1603,18401500
5851,總統weeeeeeee~,ktliao2003,19782731
5860,啊爾敏也太正⋯⋯,Yuyiiii107,18826276
5874,米卡莎變好白,sy012341,18503753
5935,大總統下去,a5487874533,18421040
5955,調色好看,Rinlove5t,18403531
5956,好像加賀@@,linaluo33,18412525
5974,主席好!!!!,a121472132,19303032
5974,主席好 !!!!!,a121472132,19303034
6030,屍體在說話,akv789654,18417264
6051,感覺像在看幻燈片,Yan961001,18457043
6063,88888888888,a8245231,18406005
6065,過半警告⚠️🤯🤯🤯🤯🤯,Amos0211,18412399
6065,挖哩挖哩挖,ss24400658,18415522
6070,屌鼻子,sean930620,18407430
6077,O口O    O口O,JazzNight913,18402946
6080,o口o,w961120w,19083131
6085,這集的爆點就是總統，其他沒了,Safina,18408430
6093,笑死反了（漫畫劇情,sasuke149,18411312
6093,阿爾敏跟米卡莎在比賽誰嘴巴開得久,eyedrop1163,18418039
6095,總統是微軟老闆？,TzuYangLin,18455180
6098,過半警告,fonta1214,18444934
6110,這一季的人物構圖是為了更貼近原本漫畫畫風,Sylvia900111,18407098
6112,如果叫萊納座到那椅子上，會怎樣,heeetah,18402130
6116,這集還是文戲,alan25353143,18402287
6127,(@_@),w9a4y8n7e666,18492421
6135,爆點那個 等等我 快笑死XDD,absggyy5978,18489808
6144,提前說句前方高能,yuche210114,18664718
6209,哭阿! 沒看過漫畫的記得關彈幕,kevin0123056,18416098
6209,伊蓮娜也有很大的爆點啊,sy012341,18503770
6220,牙累牙累～,yaogotti,18451159
6226,艾連會怎樣?  總統:愛連  你坐阿,m95278809,18401541
6230,這季真的感覺沒有之前的好看,a965656911,18527013
6231,0口0,Marsha1111,18410272
6239,米卡莎和阿爾敏還在比張嘴,sy012341,18503787
6241,辣個自由的男人怎麼會被人操控,a31082275,18407644
6264,一片丹心米卡莎,Valdrada,18409363
6265, 這個緊張的時候突然分心看椅子是為啥?,Valdrada,18455416
6273,米卡莎上去,aadddffgg,18403319
6280,我的藝術品,fay585858,18413004
6280,這椅子看起來挺色的,mha420913,19300366
6281,這三小怪椅子,lecturiox001,18601669
6305,藝術家,ruby201067a,18450164
6307,沒事啦沒事  就文創椅子啊,ray455339,18403553
6309,沒什麼 我剛從Samsung買的椅子 怎麼了嗎🙂,ray455339,18403910
6310,那什麼椅子？,Safina,18412529
6318,怕,wang3706,18408279
6322,哈哈哈哈哈哈哈哈哈哈哈幹,u0052017,18424471
6325,這個很大的伏筆,TERRY0725,18975870
6326,危,Shihan1120,18403900
6327,暗示艾連可能會被做成裝置藝術哈哈哈,thpss91040,18403627
6345,擺明著展示他的變態,zunreada,18438069
6346,蠢蛋,negget22,18421876
6360,怕,ron1532089,18411637
6408,怕爆阿杯,auu0909,18415711
6417,好想看艾連被做成裝置藝術 沒,abou3955,18466290
6426,長得好像美國的開國元勳,bullethell,18403457
6431,阿北要飛上天了唷,negget22,18421879
6441,被椅子嚇死wwww,wimpish591,18407244
6445,不是阿阿伯，你可能會出事餒,starting878,18414866
6455,要讓艾倫變成跟貴族一樣的藝術品？太糟糕了,Mara666,18435206
6465,Boom,alan9064513,18410394
6466,阿北 初四啦,sam1228,18405343
6470,彈幕開2秒還沒有字,Simon0417,18402971
6484,那椅子是三小,yiping0817,18423022
6485,總統很糟糕耶，要找人取代男主角,Safina,18408460
6485,阿伯要出4了啊,iuuui777,18423060
6495,總統，你坐啊,uououo,18403381
6516,阿爾敏就嘴砲王 根本不及艾爾文的一根毛,qseft31200,18402294
6528,畫面崩壞的一集...,a49844353,18419437
6530,文戲還多著咧不想看沒人逼你,sjay995,18439955
6534,出事了 阿北,Flamie7124,18427117
6550,難道總統原本要把艾倫當藝術品？,jjrt123456,18406072
6557,總統應該有在隱瞞什麼,lecturiox001,18627760
6561,假碧，你坐啊,Sdwaz90,19672410
6579,隔壁棚嘴遁都有用 為何我卻....,tanyihao1010,18403530
6585,總統要把艾連放在八爪椅上,TERRY0725,18975885
6589,整天艾爾文 死到不能再死 回前三季找啦,stellanox,18404050
6611,怎辦 有點想看艾倫被變成藝術品,Hazel76,18426559
6621,竟然想把我大主席做成藝術品,peijuchen,18507285
6622,yyy y yy,Hao610155,18616322
6628,沒人了解艾倫，拖台錢,as085566as,18422559
6633,還是萊納的椅子好,R195372846,18760607
6640,藝術就是派大星,THEmt,18401761
6640,艾倫你坐啊,Yuyiiii107,18826297
6642,紅字笑死,Jackals0301,18458727
6645,藝術就是爆炸,Mcde0914,18426946
6659,進巨是全亞洲都有同感的作品 現在輪到緬甸,rain40188,18414648
6660,出事了 阿北,nina971004,18438953
6675,三個炮灰,alexbrian914,18424456
6680,阿伯初四了,chiawei0728,18597888
6684,出4了 阿伯,davidddd,19369231
6690,不跟談之巨人阿爾敏談的結果就是..,ya1212000,18418700
6697,來 片頭曲來一次,markis8026,18401702
6710,期待138話,Waylonhuang,18403445
6712,the飛,ktliao2003,19782766
6740,智將阿爾敏,Valdrada,18409404
6757,未來飄出了香味,acc013252480,18403635
6795,危,k2800618xyz,18403011
6824,這集也太省 看得好痛苦,qseft31200,18402312
6827,蹦😂😂,links921002,18403713
6847,拉拉里拉,jupiter313,18410373
6848,掰掰,w20745379,19199241
6849,1,tlphy123456,18402933
6852,前方有爆炸性的劇情,a29033872,18461934
6853,不！,ylc950425,18401837
6873,面試,Rexson127,18410271
6875,3,predator01,18401431
6885,經費都一樣少 只有吃力不討好。,karta2187950,18403875
6885,時間緊迫 人力不足 自然畫面崩,karta2187950,18403883
6895,3,hank69696969,18402375
6921,2,teddy960707,18401186
6930,2,predator01,18401433
6940,2,hank69696969,18402377
6943,是時候製造些爆點了,Nmsl951030,18402202
6945,幸好阿爾敏有拉住米卡莎,ruby201067a,18450174
6954,1,teddy960707,18401188
6958,前方高能,Zha1324578,18402984
6963,啦啦啦拉,jupiter313,18410378
6965,炸,Q26442443,18405122
6965,蹦,Hsuhundred,18413526
6965,1,TERRY0725,18975900
6971,前方有爆點,Nmsl951030,18402075
6975,隱,candy1379,18402691
6981,危,Higray87TW,18408982
6985,1,hank69696969,18402383
6990,前方高能,happy910506,18415532
7005,1⋯,predator01,18401438
7010,可以把爆炸的畫面放到主題曲,Eason96822,19484184
7011,畢竟是軍人 怕叛變O_O,gweo1912,18418389
7030,0,hank69696969,18402384
7030,見聞色,sanvqq30,18416275
7036,迪達拉 是你嗎,gracechen24,18555528
7037,謝謝彈幕XD,starting878,18414913
7039,就是現在！,Zha1324578,18402990
7041,(╯°□°）╯︵ ┻━┻,ann894942,18453381
7044,蹦,davidddd,19369242
7045,出事了阿北,Joyce930723,18405002
7045,Bom,TERRY0725,18975908
7048,蜘蛛感應,s948485,18411525
7050,出事了阿北！！！！,a960110,18410892
7053,Vergil開大絕,bullethell,18403493
7053,爆炸就是藝術,aatt6677,18408164
7055,炸裂！,Q26442443,18405126
7055,EXPLOOOOOOSION,bbhvic1992,18427007
7059,碰！,n20050711,18402606
7060,立flag,Edgehu0718,18403252
7060,碰碰碰碰碰碰碰碰碰,a8866310a,18403422
7060,阿拉花瓜,derek210070,18404943
7060,啦啦啦哩啦,nmkl9068,18406880
7061,Happy New Year!!!,ttjh24242000,18401455
7062,藝術就是派大星噠!,qzwx32165498,18403312
7063,爆炸就是藝術,akv789654,18417312
7064,惠惠：Explosion!!!,heeetah,18402142
7065,炸,Creeper00,18401521
7065,新年快樂🎆🎆,hank69696969,18402388
7065,總統爆炸性演出,Limbo0428,18406652
7065, BAMMMMMMMMMMMM,fay585858,18413049
7065,Happy New Year,pimay2263,18620223
7066,耶格炸彈,Shrik3,18422783
7067,陪你昂首直到,kensos606,18542567
7067,陪你昂首直到世界盡頭,kensos606,18542650
7069,阿拉花瓜,Zha1324578,18402994
7070,藝術就是爆炸,Wryyy940123,18403978
7070,阿拉花瓜！！！,Miku83115842,18405478
7070,（當打野回點踩到擴劍時）,hammenbobo,18406263
7075,爆炸就是藝術,iuuui777,18423068
7075,為王的誕生獻上禮炮吧,andy3018,19711638
7079,飛統來襲,aadddffgg,18403373
7079,EXPLOSION!!!!!!!!!!!!!!,qw7812732,18403636
7085,來！爆炸拔拔帶你飛高高 一起喊weeee,doiesy0423,18412639
7093,藝術就是爆炸！,poyues2,18408310
7096,Exploooooosion!!!!!!,xbcking1,18478495
7099,我們失去了一位大藝術家,jill850716,19793059
7100,爆炸才是真正的藝術，你這老頭懂了吧,TERRY0725,18975918
7105,經費花在這了,kevinken2007,18409856
7108,總統在玩憤怒鳥,sy012341,18503810
7110,總統爆炸性演出,Limbo0428,18402301
7110,我在天上飛,Boo840422,18451922
7113,是惠惠！,Wei950223,18540962
7121, Jägerbomb,zxzxzx232323,18407935
7123,真他媽帥到掉渣,zheweixu,18413640
7130,所以剛剛阿爾敏沒拉住米卡莎就gg了？,sky31140,18406456
7131,經費大爆炸,Jianne,18406022
7133,爽啦,lin08131027,18411472
7136,Wee~~,H901119h,18409920
7140,？！,matcha520,18413345
7141,lalalalala,teddy960707,18401191
7143,小孩子才用立體機動裝置,RickyKao0831,18402253
7143,湯師爺!屁股不疼了,iven1106,18412989
7145,Wee~~~,H901119h,18409915
7145,湯師爺!!!,iven1106,18412971
7145,Happy New Year!!!!!!,Yuyiiii107,18826319
7147,陝西確實是在東邊~,yoyobaby8899,18470120
7150,媽媽那是什麼動物？,a8866310a,18403435
7151,狼穴大爆炸,Shawn0613,18487681
7154,屁……屁股疼……,tkps30209,18525646
7162,我在天上飛~~~~~,jbnbok2010,18438534
7165,湯師爺,peter0221022,18426190
7170,阿北 初四了阿北,zilla32256,18424582
7173,爆炸,nina971004,18438957
7179,祝阿北武運昌隆,negget22,18421883
7193,屁股疼...,zunreada,18438091
7195,噗滋,henryl1915,18468776
7197,湯師爺！屁股在樹上！,danny51213,18538709
7198,高歌離席,ef15,18408168
7200,噗滋,kevin878797,18468187
7202,?!,kevin0123056,18416133
7203,脆脆的,acc013252480,18403672
7203,趁熱,handsome69,18524631
7205,畫風有點崩,jdchuang,18423763
7214,初四了阿伯,Wei950223,18540976
7222,民眾表示不是我們幹的,aung0137,18427893
7224,藝術就是爆炸,iven1106,18412956
7225,一代一代一代,Shenta,18403273
7225,迪達拉：藝術就是爆炸,Joyce930723,18405016
7228,出事了，阿北！,davin0702,18450108
7229,嘎崩脆呦～,qazwsx123456,18615665
7230,哈!,zerorock,18408140
7230,屁股在樹上，不疼了,coca11,18702050
7232,畫得太保守了吧，漫畫半身跟臉都被炸爛了耶,tkps30209,18525801
7236,尖叫呢???,mummy852,18402491
7249,那乖乖等電梯的不就傻瓜！,dajisu123,18637971
7250,燒肉歐,Q123230905,18405240
7250,讓他飛一會,dmp1019,18419668
7250,笑死XD 問智慧巨人有沒有受傷,tpysz5n,18550824
7264,228烤肉,teddy960707,18401195
7265,屁股在樹上呢  不疼了,cover543,18525263
7268,阿北出事啦！！！,DylanMoo0304,18446383
7271,湯師傅,Eason103,18555392
7275,阿拉花瓜,karta0681608,18427889
7284,無聊我要看到血流成河,gghhrr,18402188
7290,噗汁的音效,justlanz0952,18401440
7301,這炸彈是認真的,peijuchen,18507306
7309,阿爾敏是巨人怎麼可能這樣就受傷,bigmod,18402868
7318,阿北出事了,zx790601,18480086
7320,阿北～～～～,Prosime1893,18509568
7326,我樹上屁股的兜裡還有五張委任狀,sunday520,18402610
7343,笑死，馬邦德,jinjoe5002,18403585
7387,BBQ,jekai50,18416836
7406,傷勢如何,a2798402,18450427
7440,馬邦德的笑死,Bearbrown,18407286
7455,翠,sdsdasd,18408954
7457,所以有人坐了椅子,jupiter313,18410383
7466,翻譯翻譯什麼叫他媽的他媽的驚喜,Eric09037012,18593352
7469,習皇駕崩,acc013252480,18407092
7470,你們兩個離爆炸最近耶還問,tc487,18417424
7473,你看看你,peijuchen,18507310
7484,吃著火鍋 唱著歌,cp11225637a,18423021
7484,小爆炸而已，Armin之前整個烤焦,Safina,18435017
7495,屁股在樹上,PPchiou0326,19366915
7500,信皂莎莎給油,a4663177,18437330
7500,總統比他們用跑的還更快到達大門口呢，哈哈,TERRY0725,18975936
7507,沙沙給油,dolphin128,18410052
7515,莎莎給油,happy910506,18415583
7515,噗嘰～ᶘ ᵒᴥᵒᶅ,st2071830,19727266
7520,沙沙給油,kashchen7777,19829957
7523,喝橄欖油排膽結石：莎莎給油,Aa72036269,18440890
7542,地域梗大師,lawrence9146,18468558
7547,沙沙給游,Rexson127,18410289
7548,沙沙給油,aatt6677,18408176
7555,幹 不要這個時候喊這個 好痛啊,petrachen,19281243
7561,沙沙給油有,dolphin128,18410069
7564,莎莎給游,davidddd,19369249
7569,沙沙給由,dolphin128,18410060
7573,師爺 屁股在樹上不疼了,yoyu32121,18424022
7574,莎莎給油,ottahin0619,18443141
7575,沙沙給油！！！！！！！！！！,zyh93102,18408611
7575,覺醒青年被洗腦覺醒了,bbwind,18412863
7580,巨人2.0，新生艾爾迪亞,harasyo,18402121
7585,艾爾文表示不排除提告,aaa654321uu,18402262
7588,心粽沙沙給油,negget22,18421892
7590,莎莎給油,zyh93102,18408619
7593,艾爾文的話這算是被亂用嗎,A62569,19186930
7597,一個國家的人民們總是那麼麻煩,ylc950425,18401861
7600,沙沙給油,karta0681608,18427897
7600,莎莎給油！！！！！,GGDioDa,19738466
7603,煽動,popular456,18437652
7605,一代一代,Jack990905,18405213
7605,根本在侮辱艾爾文和調查兵團,milk12182,18431627
7605,傻傻給油,Boo840422,18451933
7608,鯊鯊給油,WinnieMifan,19873673
7615,艾莉莎莎給油,ray455339,18403647
7621,把心臟挖出來,Bokiboy0368,18403070
7624,中國人民,king4656,18412977
7625,沙沙給油,ga2006222095,18426281
7625,不要亂喊啦,luvanime0230,19900406
7635,果然還是愚民啊,s320052060,18422297
7640,沙沙給由,Edgehu0718,18403285
7640,心臓捧げよ❤️,Safina,18408523
7640,全部變巨人空襲,heyheyboi,18418196
7642,這段感覺會變梗圖,tarotin730,18424231
7643,新莊沙沙給油,a33899850,19809579
7644,沙沙給又,Zha1324578,18403014
7645,莎莎給油,zilla32256,18421544
7649,艾爾文：跟巨人說,James960618,18401288
7649,薪資 莎莎給油~,Imeilos1103,18401896
7650,沙沙給油,PGONE5527,18421299
7650,心宗莎莎給呦！,Was65991cxz,19464215
7652,先獻出你們的錢包買鳳梨吧,killua0719,18419132
7654,沙沙給油,kevin0123056,18416146
7658,覺青,aatt6677,18408181
7660,沙沙給油,bbhvic1992,18427039
7661,夏莎給油,hetongsan,18411369
7662,芯粽沙沙給油！,Pondy951223,18427748
7665,沙沙給油,waliesi,18402274
7665,莎莎給油,bryan181850,18416255
7665,新粽沙沙給油,negget22,18421895
7668,簽下去,zong456,18407360
7670,獻出心臟這句話的意義已經不一樣了,davinci12138,18401467
7670,沙沙給油,st2071830,19727282
7671,公民-戰士 成了,bl123147,18414505
7671,第一季那副窩囊樣，現在軍團贏了就要獻心臟,Blaze0011017,18610088
7674,沙沙給油,KGPSOEROG,18401819
7675,莎莎給油！,kevindai10,18405845
7676,莎莎油給,auu0909,18415753
7676,沙沙給油,ian11233,18422347
7677,心臟沙沙給油,EXSEXS,19724736
7678,心臟沙沙給油,peijuchen,18507314
7679,中華民國萬歲!中華民國萬歲!中華民國萬歲!,e818993,18403494
7679,叫倉嵐哥出來,andylinnaga,18439471
7680,莎莎給yo,Joyce930723,18405075
7681,心偷沙沙給油,Juishu0430,18417754
7683,北七平民,sy012341,18503824
7684,這句話變的好諷刺ㄛ,ryan12345723,18427022
7688,感覺這種事情在現實中也很有可能發生,lecturiox001,18619397
7690,心臓捧げよ❤️👊,Safina,18408546
7690,殺殺gay哦,Amonguy,18409463
7690,新豬沙沙給有,hdx941101,18708093
7691,沙沙給油現在聽起來怎麼這麼諷刺,fan9714,18410712
7691,請z111230示範小粉紅思考方式↓,gres10605,18585094
7692,每個人獻出心臟的理由又不同,kerrys2001,18403367
7694,沙沙給油,hsu2004,18416388
7695,殺殺給油,dolphin128,18410082
7695,沙沙給油,ron1532089,18412575
7696,莎莎給油！！,Chang860708,18843183
7698,莎莎給油,night1144,18405909
7698,大部分支持台獨的都是在台灣的人,d7d7ffgkt,18514412
7698,你這種支持統一的怎還賴在台灣 不滾回去?,d7d7ffgkt,18514428
7700,莎莎給油！,Yuli0123,18403115
7700,心臟沙沙給由,Edgehu0718,18403290
7700,沙沙給油,piggyi2i7,18598526
7704,這是在諷刺五毛小粉紅吧,Qboyyaaa,19243439
7705,莎莎給油,Hwhat123,18402850
7706,沙沙給油～,Johnson414,18402673
7706,心臟沙沙給由,d800604,18406106
7707,我的孫子不要小ㄐㄐ,allen0294012,18401645
7707,死老百姓只會打嘴砲,sanvqq30,18415897
7710,以前都躲在牆內笑調查兵團現在還敢說這句？,GwenLiu,18427276
7710,每個人都被艾爾文附身了,TERRY0725,18975945
7711,沙沙給油,aexmlmoon,18412626
7715,艾爾文要氣死了！,ruby201067a,18450183
7720,你們太老了拉 心臟無力,king19840520,18414380
7721,莎莎給油,xbcking1,18478507
7722,想獻出心臟？？去光明會拉~,teddy960707,18401200
7723,那你們加入軍團上戰場阿?,jean1740,18480621
7725,神經病 不要再說了！,luvanime0230,19900412
7726,沙沙給油沙沙給油沙沙給油沙沙給油沙沙給,Rexson127,18410301
7727,灑灑給游,syun0818,18453354
7730,一群跟風粉:,S0319016,18403161
7730,心粽沙沙給油,Valdrada,18455489
7733,87   面對巨人的時候 怎麼不獻出心臟?,a80633218,18401299
7733,艾爾文走了真的差好多,HankHank39,18402126
7733,沙沙給油,negget22,18421897
7735,漱漱妹！！心臟哦傻傻給油！,sw34266618,18518518
7735,哦哦哦幹這段配得超強ㄟ,tpysz5n,18550831
7739,沙朗黑優  講錯,Lukuiyi,18415585
7745,沙沙給油,cheater69696,18425881
7747,現在聽到獻出心臟心情好複雜,itkjing0708,18406121
7748,沙沙給油~,KCHEGYSZ23,18919688
7750,這次的獻出心臟 感覺好噁心...,funjob,18415518
7755,會喊得一起喊 沙沙給油,aatt6677,18408185
7755,嘴砲仔,tc487,18417452
7760,沙沙給游,blackcat9456,19107397
7761,新州沙沙給油,Neal12144,18417818
7767,好啦好啦你們出去給巨人吃啦,sy012341,18503830
7768,跟現在的覺青可以說是一模一樣 無腦反,sing60905,18482193
7769,爽,qseft31200,18402343
7769,沙沙給油,mcpe0731,18412168
7769,幹我整個雞皮疙瘩起來了😖😖,a9231678,19061054
7770,欸不是啊巨人都殺光了才來獻出心臟？,athena8667,18419124
7773,肝臟沙沙給油,morrisgo666,18419574
7774,沙沙給油,Jack10500312,18885797
7775,艾爾文病毒傳染給平民了ww,Eason941207,18401374
7775,跟台灣毒蛙很像的平民,PainDola,18590057
7779,高雄發大財,fonta1214,18445033
7785,可是也不要殺總統嘛~QQ,autismer,18795708
7785,他還是會選擇為牆內人著想的QQ,autismer,18795711
7792,沙沙給油,IVY94522,18742743
7793,沙沙給油,jacky8405axd,18424837
7800,小粉紅,a2798402,18412618
7800,新竹沙沙給油,tomas0204,18423501
7809,莎莎給油,A3186,18405435
7815,這集的重點是艾倫的腹肌吧,floweruiui,18409906
7816,大總統,ron1532089,18412579
7816,"滾去中國B站,台灣不適合你",ohoohoo,18988482
7824,沙沙給油,yuche210114,18664753
7825,欸欸欸艾爾文PP.         PP,chaser2001,18533050
7827,但你還是愛翻過來<3,autismer,18795715
7830,新桌莎莎給喔,freshman17,18454555
7844,原來大總統有玩明日方舟,maxfelix0718,18431311
7847,民眾總是盲目的,Jiang0711,18404570
7855,請各位不要太認真好嗎,Jimst6969,18405141
7860,這句本來就是艾爾文用來騙新兵去送死的,tp6wu0y96,18458401
7875,吉良,dylamwu9121,18412489
7878,莎莎給油的意義沒有變啊,FGH52368,18410494
7890,中國人來這看嘛啊，自己在牆內看啊,black3847,18848893
7892,殘殺巨人（人類）－＞殘殺人類,FGH52368,18410506
7897,屁股爆炸,alan25353143,18402311
7904,這集是暴風雨前的寧靜,shenyufeng,18438616
7914,Who's the Imposer?,love25092001,18432510
7915,震驚到下巴厚道,Tzwei,18401738
7920,imposter啦幹,a29130930,18493357
7945,後面有未解鎖角色,b363629,18439175
7949,I was doing tasks with black.,love25092001,18432590
7949,但艾爾文也一起去死了 這就是差異,petrachen,19281260
7959,莎莎給由,davidddd,19369257
7968,韓吉偶婆啦,aa970818,18417930
7987,翻譯：他是黑鬼,naanndc,19276104
8013,Black 100%,love25092001,18432618
8079,不應該說「申す」,hetongsan,18402158
8178,我聽說 你們倆一離開就爆炸了 解釋一下,cover543,18525302
8182,椅子是啥時放進去的?說調查兵團太牽強了,Valdrada,18455572
8193,中邪臉www,sy012341,18503844
8200,自爆,aatt6677,18408199
8201,奈爾的表情我快笑死,carl69maggi,18524260
8209,阿敏在這真的自爆,s0985374652,18416672
8211,89+,AA824582,18402552
8214,這裡阿爾敏直接智商下降,gamania0204,18401913
8214,你搞我,s886173241,18416866
8215,哈哈哈哈哈,peijuchen,18443375
8219,你也是調查兵團的，這事情不能亂講啊,parasunset,18402432
8222,笑到差點窒息,fay585858,18413157
8222,〣( ºΔº )〣,ann894942,18453425
8223,笑死,peijuchen,18507325
8230,阿爾敏你在幹嘛……,ivy24242005,18414091
8230,對不起 我的嘴角不爭氣的上揚了,Blobastard,18415380
8230,啊...我也是調查兵團的,henryl1915,18468819
8236,諸葛噁敏 你她媽...,yang168101,18404347
8239,調監視器啊！,sunday520,18402116
8250,笑死,aatt6677,18408201
8261,為什麼說出來啊,Mario1221,18403139
8265,阿爾敏在幹嘛？阿爾敏！,ruby201067a,18450196
8266,太無理了,Valdrada,18455592
8271,白癡阿爾敏,ao6bp6,18950490
8282,不說出來 整個軍團不知道內奸是誰會更好嗎?,a63010413,18440242
8295,😂😂,m83111,18675513
8301,不說出來 下一個死的就是阿爾敏他們,petrachen,19281281
8360,沒有艾爾文真的慘,natalie2511,18408355
8360,O_Q  O口O  O口O,JazzNight913,18518291
8365,O口O,anime0106,18408322
8365,始動,TERRY0725,18975972
8389,帝國元首 出獄,bl123147,18414536
8392, 水喔!直接五星,sisterniose4,18435571
8395,叔叔要穿大衣了,sweetantt,18402672
8395,幹錯賽,Qboyyaaa,19243461
8410,來啦 超帥,jenny79716,18584542
8414,0口0,Marsha1111,18410366
8415,為什麼19歲是叔叔www,s980306,18404368
8434,O口O,L29039122,18413205
8440,講叔叔的是紅包梗阿,clty3000,18415377
8447,幸福好運到 主席加碼~,Mao9453,18499101
8455,大家變臉的畫面有點銀魂XD,justlanz0952,18401454
8455,米卡莎的驚慌 阿爾敏的懵逼,iuuui777,18423082
8459,不要笑,a70222,18403071
8466,潮他媽的,Rexson127,18410322
8469,要發紅包了,ray2861546,18402115
8472,排卵警告,LanCharlie,18414914
8473,我大主席終於出來了,peijuchen,18507332
8475,這背肌……啊嘶,KevinLiTZ,18408340
8475,動畫黨可能不知道 其實艾連的男粉比較多喲,ivy24242005,18437082
8478,前方世界名畫,Higray87TW,18409030
8480,叔叔是艾連叔叔發紅包🧧的梗www,ivy24242005,18414019
8480,好帥 啊！,happy910506,18415627
8480,神bgm,shanxvete,18417967
8480,背肌（舔,ivy24242005,18437092
8481,\主席/\主席/,V26230026,18401765
8485,經典要來了,night1144,18405945
8489,好帥好帥,WinnieLin616,18411037
8491,來了~來了，為回報讀者們，主席準備好了!!,wind9013,18415937
8493,辣個自由的男人,Zha1324578,18403045
8494,舔爆,poorcatqq,18401358
8494,雖然我是男的 老公好帥 !,kofdoa,18411166
8496,主席這一幕終於來啦～～～,chiimnyq,18402630
8499,裸男出場,Q14123579,18404442
8500,除濕機開起來,aatt6677,18401686
8500,前方高能,happy910506,18415630
8500,艾連好壯❤️,ninaning0329,18420104
8501, 處子吉克，屌男艾倫,yu2shih,18402821
8503,帥,aatt6677,18408208
8509,主席要出門了,jerry1919,18403975
8510,潮潮潮！ 💦❤️,ivy24242005,18414456
8514,OAO,R195372846,18760890
8515,辣個主席！！,a960110,18410948
8516,不敢動就不要動啊,dtfans,18405476
8519,你的名字！,Wei950223,18541018
8521,螢幕要噴水了,robin1515kc,18405264
8523,要穿外套了嗎,n20050711,18402641
8535,主席好,Eddielin2311,18404614
8535,7777777777777777777,q594435177,18408977
8535,進評的巨人,virgil007,18420405
8538,走出來的,aung0137,18427918
8540,自由一男,kgtty840311,18440323
8541,_(:3」∠ )_,fish920224,18422035
8541,啊斯QQ,aassq24,18422199
8542,第四季的BGM真的很棒,GN00089911,18410250
8548,喜歡這邊的BGM,fan9714,18410750
8548,主席好,jacky8405axd,18424849
8555,系統提醒：你的好友艾主席已上線,Curryou5987,18459538
8560,主席啊啊啊啊啊！！！,Q123230905,18405291
8563,主席逃獄方法請重看前一集,bullethell,18403548
8569,野生裸男上線,gangstar878,18404903
8571,弗洛克有夠牆頭草 好噁心,hotymca2630,18402209
8571,我們現在免費了！,vincent0209,18403649
8572,蘇冠憲,hanayo00002,18405513
8575,逃獄用戰鎚巨人的力量,s980306,18404391
8576,怎麼逃的,q09701023,18406672
8577,修,eileen2855,18403751
8586,來了來了,alan25353143,18402324
8586,最自由了,w20745379,19199250
8588,oh shit,lecturiox001,18627771
8595,\主席好/\主席好/\主席好/,ivy24242005,18401776
8595,主席登基了！,zerothomas9,18434782
8600,世紀名畫!!,fafner175,18403694
8600,小淳 你愛的肌肉男～～～～～～～～～～,jut18237,18440252
8600,帕島第一男模,peijuchen,18443535
8602,咒術給的錢多 工期長 製作能不比巨好嗎87,yuzuzuzu1117,18401581
8603,蘇冠憲欸,h34261004520,18419730
8604,耶穌降臨！快膜拜我們的領袖！,Chen9188753,18407768
8608,高圓寺是你？,gracechen24,18555573
8609, 力王出獄了 大家可以回家啦!,mc8867a,18413100
8609,後面就會知道為什麼我反而喜歡弗洛克了,light978,18415003
8610,排卵了,messiah0719,18403730
8613,想龜,tommyya17,18406354
8613,弗洛克我喜歡你喔喔喔,hctel2,18500307
8615,艾倫讓所有相信他的人失望,linsy68,19614394
8616,露點,rookur,18403951
8623,艾導演！！！！！！！！,Shihan1120,18403966
8625,哇,Q14123579,18404447
8631,弗洛克你的槍怎麼不見了,wl4088,18459333
8635,印象中在總統府好像還有其他段被刪減了？,ninaning0329,18420140
8637,我濕了,yhh1996,18413790
8640,我射了,Yuyiiii107,18826360
8641,幹 真的師,karta0681608,18427944
8645,恭迎艾主席ヾ(๑⃙⃘´ꇴ｀๑⃙⃘)ﾉ,ivy24242005,18401759
8645,再走上坡身體當然向前傾,clty3000,18402871
8645,好帥,zhuz00418,18428293
8650,弗洛克上下幕都揹這槍 這一幕槍去哪了0_0,eileen2855,18403790
8650,艾主席ಥ_ಥ潮帥的,fairy1999107,18647418
8651,假幣上飛船的BGM,A2785809,18403798
8660,弗洛克真有眼光，my boy,kerrys2001,18403397
8660,弗洛克居然遞上去也太可愛,maple32745,18408091
8662,Kami,x750531,19064101
8663,怕島第一男模,a10752137,18408902
8665,濕了,karta0681608,18427926
8665,弗洛克帥爆,alexbrian914,18429661
8665,咒術這爛片 比啥比,yc45629,18563917
8670,FarCry5裡的邪教誕生了,skyold,18418971
8671, 主席好,w8362255,18406037
8671,你們免費了,a31082275,18407712
8673,主席好,ak47335,18404488
8673,恭迎皇上,aung0137,18427925
8677,哇,kevin0123056,18416188
8680,艾倫XX我！！！！拜託,Mara666,18415965
8680,準備好外套給主席好機靈,peijuchen,18443433
8681,大陸啥時要自由革命,LeafStay,18409514
8682,好帥啊,a70222,18403080
8682,好帥!!!,s906082021,18454189
8683,艾倫叔叔 發^包,bgrdxfcv,18401890
8687,潮潮潮,zerorock,18408178
8687,濕了,s125124543,18563201
8689,要出水水了,gucayumi,18413018
8691,帥帥帥帥帥,V26230026,18401769
8693,萊納肌肌比較大,rookur,18403955
8694,主席好,yuka0813,18402742
8695,終於要反攻大陸了,superjamie,18422799
8700,好帥好帥好帥❤️,ivy24242005,18401762
8700,777777,q594435177,18408979
8702,好帥 濕了,srnmam05,18416953
8707,BGM超讚,b07504059,18425711
8708,25000公里大長征,iven1106,18413071
8710,主席的聲音！！❤,chiimnyq,18402654
8710,穿外套來了,fafner175,18403698
8710,小龜~,alen0318,18412409
8710,這是鋼彈NT的駕駛嗎,wzmf425971,18417341
8720,弗洛克和艾倫喔喔喔帥爆-----,hctel2,18500348
8722,想龜 and 動主席,tommyya17,18406361
8726,抓到你搂想龜,mango970422,18423568
8726,不是，你沒有回答數字啊,tpysz5n,18550845
8727,恭喜艾主席當選第一任摧毀世界的首席˙ω˙,zxc089531283,18714509
8728,這幕沒崩就好了,aatt6677,18408217
8728,艾黨上線,zhengwei1224,18438297
8728,雖然艾很帥 可是總統是無辜的QQ,autismer,18795736
8730,真滴帥,WOistrue,18573762
8733,高潮嘞~~~~,dj52090000,18459571
8735,太帥了 發瘋,saladking,18408915
8737,辣個自由的男人,benk0125,18468755
8740,主席我愛你,Mario1221,18403023
8741,答非所問之術,dtfans,18405488
8741,全員起立!!!!!!,qqww74123698,18410089
8748,17歲的蘇冠憲,iven1106,18413078
8755,想歸,qrup7931,18476338
8764,濕,poorcatqq,18401367
8765,巨人有音樂就夠了,D10301998,18402653
8765,主席好潮！,kazegatsuyoi,18410761
8766,主席！主席！主席！主席！主席！,wimpish591,18407307
8771,BGM威利跟馬加特第一次聊雕像的時候就有了,vii411,18447578
8772,帕拉蒂亞起義,Dannyisme666,18487892
8774,佛洛克真的很討厭,hermesn1116,18404054
8779, 殺四郎搶雕樓,GTFO666,18417420
8781,約拿這次不當鳥,asdzxc112233,18425405
8783,帥到地鳴,hhh20061205,18403632
8783,我老公跑出來了啦對不起,hdx941101,18708123
8790,知道巨人之力有多強就變舔狗 帥三小?,hotymca2630,18402235
8790,反攻大陸了！,superjamie,18422801
8800,耳朵懷孕///,peijuchen,18443551
8808,好帥,fish880315,18407769
8813,給我用敬語阿混帳,jeff91235,18413262
8813,走召 三㬎,eunicebebe,18425974
8815,主席的腹肌ㄚㄚㄚ（鼻血,chiimnyq,18402681
8820,艾蓮政變了,Safina,18408581
8820,\艾主席/\艾主席/\艾主席/,ivy24242005,18414051
8820,我怎覺得這小子是替身使者 而且談過鋼琴,GGDioDa,19738536
8825,你的名字,cc23683104,18612200
8826,是曾相識,LiandPo,19204457
8832,乾 超爽,qseft31200,18402394
8835,手戈 舌忝  prprprpr,eunicebebe,18425945
8835,主席好,alexbrian914,18429668
8835,主席和弗洛克是同期啦,peijuchen,18443420
8845,用詞好像不太禮貌...？,s980306,18429354
8848,想舔腹肌,jang80923,18418311
8849,帥爆,aatt6677,18408233
8852,為什麼在地牢裡都不給艾連穿衣服?,Valdrada,18455725
8853,弗洛克是真的很帥啊　又不是完全舔狗,maple32745,18408142
8853,只要可以救國就算不是會變成艾連他也會挺,maple32745,18408150
8853,而且他還不是只靠鍵盤,maple32745,18408216
8856,啊嘶啊啊啊啊,aassq24,18422201
8857,支持艾連拉,qseft31200,18402400
8860,其實第三季艾連就有肌肉了,chiimnyq,18402690
8865,喔喔喔喔喔要高潮了,Mara666,18415975
8870,有給啊只是他變戰鎚逃獄後衣服又不見了,peijuchen,19275661
8871,阿嘶嘶嘶,WOistrue,18573765
8877,艾蓮，你可以不要...,starting878,18415013
8880,因為要露身材,peijuchen,18468405
8887,這側面腹肌,MSLINmslin,18443596
8890,帥爆,Sanada2415,18417555
8894,給我用敬語阿 你這個後輩,jeff91235,18413283
8901,哇哦,Q14123579,18404454
8905,主席真的帥,happy910506,18415647
8905,反攻大陸喇!!!,sh8748,18489085
8910,艾主席,akv789654,18417439
8913,地名終於要來了,show617,18440041
8919,心疼我的米卡莎QQ,chiimnyq,18402696
8927,每次只有談的阿爾敏,hanphu00,18417622
8930,好希望團長還活著，感覺他一定有能力解決,lecturiox001,18601577
8934,阿爾敏過譽,cover543,18525332
8941,封面來了各位,NSDzeus,18410898
8941,佛洛克看來也不知道有多少人,peijuchen,18507342
8945,高潮了,z45130892,18401846
8945,其實弗洛克也滿帥的,peijuchen,18443562
8955,前方高能,linkin5656,18439599
8955,但是他和誰談誰就倒霉欸,gci0001,18490501
8957,談之巨人,Xiang880930,18405211
8960,歐歐歐歐歐歐歐歐歐歐歐歐耶！！！！！,Q123230905,18405320
8960,談之巨人又想談 談判技巧又不怎樣XD,ivy24242005,18437090
8965,左翼,Rannabelly,18402268
8965,Rrrrrrrrrrrrrrr,Mara666,18415992
8965,噁敏從頭到尾只會談,Hdbdhiw,18426023
8968,世 界 名 畫,eunicebebe,18411972
8969,好帥,suga0101,18402141
8969,自由之披!!!!!!!!!!!!!!!!!!!,lighter1614,18416663
8970,名場面簽到2021/03/01 10:3,tng851125,18403439
8970,世界名畫,aatt6677,18408221
8970,好喜歡主席的聲音///,peijuchen,18443456
8970,主席一生推,peijuchen,19275665
8971,好帥阿,cksaz769130s,18550310
8972,談一談大家就死光了,tina08180518,18405549
8972,帥死了= =,m7e3k6a,18421838
8975,東方紅~太陽昇~,leeng0369,18406526
8975,怎麼穿衣畫面不一樣了QQ,u10111038,18438169
8975,主席好帥 ❤️,peijuchen,18443395
8979,庫洛洛在演奏,kopslock,18425328
8980,艾倫幹我！！！！>////<,Mara666,18410534
8982,＊＊＊ 亻也 女馬 彡朝 火暴 ＊＊＊,eunicebebe,18425923
8983,背景好美、主席彎腰好可惜,fan9714,18410827
8983,️♥❤️♥️❤️♥️❤️♥️❤️♥️❤,eunicebebe,18425981
8984,潮到出水,dolphin128,18410137
8984,各位請起來~主席來了~!!,wind9013,18415988
8984,主席好帥,Zha1324578,18426056
8985,世界名畫,ca814031,18402717
8985,射 ㄌ,lingpiangu,18404987
8985,啊嘶———🤩😍,ivy24242005,18414077
8985,排卵 帥,srnmam05,18416971
8985,❤️❤️❤️,ivy24242005,18437077
8985,帥,henryl1915,18468843
8985,男模葉卡登場！,snowmoon1314,18505345
8986,艾主席敬禮！,Zha1324578,18403079
8986,排卵,eunicebebe,18425955
8988,♡♡♡♡♡♡♡♡♡♡♡,KCHEGYSZ23,18919714
8989,帥,coco487,18468720
8990,主席好,aatt6677,18401695
8990,來啦 好帥,jenny79716,18402903
8990,嘔嘔嘔嘔嘔嘔嘔嘔嘔嘔,Q123230905,18405305
8990,愛了愛了,Chou123455,18405923
8990,你怎麼帥成這樣,Aa9541272,18412142
8990,想多了 你會跟艾主席打起來,jeff0423,18423809
8992,本集唯一看點,cbd09188787,18405148
8992,喔喔喔喔喔喔喔,dolphin128,18410131
8992,潮帥,toby7373,18460250
8992,沒看到我的下面在發光嗎,X950816,18930848
8993,哦哦哦哦哦哦哦哦,MSLINmslin,18443603
8994,名片場,abc20031107,18411887
8994,香爆!!!!!!!!!,oceanidd,18515942
8995,主席帥呆啦啦啦,qwaszx50610,18401149
8995,射了,joanne1029,18416830
8995,聲音帥炸,angel31034,18423353
8995,射了,air253816,18424851
8995,出水啦!!!!,k876541,18434045
8995,帥啊臥槽！,sadhappygood,18439913
8995,抱歉⋯我真的大爆笑。帥哥你誰？😂,chia0sigrid,18475477
8996,RRRRRRRRRRRR,chi525051,18403615
8996,艾爾迪亞 我來統治,gm7922,18420174
8997,帥！！！！,sonehaosica,18413115
8998,帥爆,ikaoru0001,18413746
8998,真心帥 77777,karta0681608,18427957
8998,主席好帥,xbcking1,18478545
8999,主席 up me!!!!,binnho97,18421400
8999,幹~超帥,kuroyo0929,18426730
9000,潮出水,fafner175,18403712
9000,艾主席好！,lingpiangu,18404993
9000,好強迫的著衣法,Safina,18408604
9000,啊啊啊啊帥死啊嘶,aassq24,18422203
9000,主席一生推,peijuchen,18468417
9000,你各位還不暫停截爆,chowbear501,19033927
9000,好帥喔,A62569,19186971
9002,好帥ㄚㄚㄚㄚ,chen66666666,18402098
9003,帥啊,n20050711,18402651
9003,看到主席直接爆射100次,air253816,18424842
9003,世界名畫!!!!!!!!!!!!!!!!!!!!!!!!!!!!!!!!,b07504059,18425716
9003,殺共匪嘍,shianghe,18520450
9003,帥到\\\\,piggyi2i7,18598550
9004,帥翻,n126330381,18402632
9004,帥到！,Ella1224oy,19076885
9005,社了...,zilla32256,18421571
9005,名場景,e1014181041,18426008
9005,我可以,Prosime1893,18509636
9005,帥,TERRY0725,18976000
9006,帥！,W28901026,18493216
9007,主席好QAQ,itkjing0708,18406151
9007,這穿衣太帥了,qw47704020,18460068
9009,團長,a285643197,19215635
9010,不懂高分原稿在前，為什麼還可以弄成這樣,iuuui777,18423089
9010,MAPPA很愛在名場景修改,iuuui777,18423092
9010,我不信MAPPA不知道漫畫黨期待的畫面,iuuui777,18423099
9010,PV做的出來這裡不行？？,iuuui777,18423100
9011,主席好帥!!!!!!!!!!!!!!!!!!!!,francesca000,18430165
9013,幹  主席的線條超屌,GOAWAY123,18415322
9013,楊過是你,fetkiddo123,19180382
9015,潮到出水,q594435177,18408998
9015,帥爆peko,h2270357,18410908
9015,要高潮了,fairy1999107,18647969
9017,世界名畫,Higray87TW,18409054
9019,主席的大肌肌,binnho97,18404774
9019,沃！！！！！,WOistrue,18573771
9020,艾主席！！,Q26442443,18405185
9020,濕了一大片,Mara666,18416000
9021,雖然這麼說有點下流，但我...,bullethell,18403597
9025,名場面 帥到流湯,asd736018,18405120
9025,真的超帥,cuy623,18424165
9025,主席好讚！！！,WOistrue,18573776
9025,帥,d0975535,19045897
9026,主席好,fish880315,18407778
9026,率,w20745379,19199254
9027,來了穿外套帥,a732831b,18409078
9027,彎腰駝背有點可惜QQ畫面很棒,fan9714,18410783
9029,主席,d800604,18406149
9030,聲音好好聽,peijuchen,18454510
9030,莎莎給哦！！！！！！！！！！！！！！！！,Yuyiiii107,18826380
9031,艾主席 我愛你,qseft31200,18402417
9031,好帥阿 ㄚㄚㄚㄚ,Alice339512,18423383
9032,主席好,fafner175,18403705
9035,Chad erab,gci0001,18427633
9036,乾 好帥!!!!!!!!!!!!!!!!!!,jenny79716,18469490
9036,有夠帥 聲音我濕了,jenny79716,18469496
9038,噴了滿地水,kerry0130,18404523
9039,帥啦,happynomore,18408966
9040,好帥啊啊啊啊,panda102828,18402870
9040,率,bibibaba0321,18408408
9040,帥,AA104007,18412195
9040,艾連帥炸❤️❤️❤️,ninaning0329,18420158
9041,肌之巨人,w9a4y8n7e666,18492539
9043,哈斯,fan9714,18410873
9045,帥爆,jacky8405axd,18424857
9047, 華獨跟台獨之爭議,John911124,18441421
9050,漫畫比較帥,Mario1221,18403181
9050,太帥了吧,ryan8409,18411807
9054,帥,kururu6425,18407566
9055,獻上我的心臟！！！,OzawaKunami,19063073
9058,真的有夠帥,a2235319,18406153
9060,好帥喔喔喔喔喔,jenny79716,18429127
9062,  設了,boom60518,18408004
9064,帥,a3254178960z,18809925
9066,名畫留名,cp11225637a,18423032
9066,華獨跟台獨,John911124,18441439
9075,好帥 濕了,jenny79716,18584569
9078,庫落落,q09701023,18406690
9080,各位女男性請補充水分，你們出太多水拉！,doiesy0423,18412718
9080,The Chad Eren VS The Virgin Reiner,xl3103,18429310
9081,太帥,Johnson414,18402722
9085,帥,Dino112358ww,18421233
9091,主席主席主席,peijuchen,18507346
9093,射了peko,jekai50,18416904
9096,有夠帥!!!!!!!!!!!!!!!!!!,jenny79716,19745947
9098,帥啦幹,je7926,18695112
9105,跟風留個名 by.馬鈴薯濃湯,potatotoly74,18446167
9113,主席習近平好帥,As36140476,18403081
9117,兵長要廢了,A123BcZoN,18410844
9122,這集的製作到底發生什麼事了！哭啊,Cat101044,18424796
9123,這集全部的經費都拿來穿外套了,benk0125,18468770
9135,叔叔！！！！！,Abc50525,18407790
9136,黃字你公尛,vp00616239,18412637
9137,野太帥了吧,SwallowLin,18401444
9138,我差點以為結束了,Aa7070910,18406795
9141,好想跟艾倫在床上戰鬥>///<,poorcatqq,18401378
9142,黃字你在工尛,vp00616239,18412646
9151,是多智障幼稚?這故事哪裡像兩岸問題,PainDola,18590087
9158,腹肌好讚,peggy0039,19861953
9159,主席好潮阿,Re950115,18406563
9160,覺得過場比較帥欸,ooxx9950255,18529300
9160,留名了啦！！,Karen930808,19781917
9161,尼瑪習近平拉~我艾大大是拆牆的~別混為一談,LeafStay,18409568
9162,問製作發生甚麼事的,go8300076,18437056
9162,"你媽才想問你發生甚麼事,笑死",go8300076,18437057
9164,左邊的是不是想睡???,tank123pan,18402720
9168,漫畫比較帥，動畫好崩阿,sanvqq30,18416342
9179,這什展開?反了?,abchoykxk099,18454798
9181,覺得艾爾迪亞帝國是影射法國大革命……,Jenny950823,18486927
9195,請洽艾爾迪亞批發商,z45130892,18402169
9207,⚠️過半警告⚠️,qazwsx123456,18615736
9213,前面省太多喔,Hwhat123,18402874
9216,鴨子,jessica0120,18439126
9229,一堆小孩子幻想這跟兩岸問題很像...,PainDola,18590089
9234,已高潮,dj52090000,18459560
9235,左邊👈表情 現在什麼情況，放飯了嗎,iuuui777,18423107
9261,艾主席帥炸拉,ff2002999,18417943
9282,帥打帥,w38919818042,18409931
9285,什葉派,sos161655,18405426
9285,說跟艾連床上戰鬥的八成是男的,KevinLiTZ,18408399
9287,衝鋒衣XDD,backy04,18404924
9293,不管哪邊都好亂,anime0106,18408364
9295,戰鬥吧 戰鬥吧,peijuchen,18443470
9299,葉衛兵,sweetantt,18402700
9300,葉卡派,cheater69696,18425920
9310,正義派,Edgehu0718,18403323
9347,什葉派,tp6wu0y96,18458499
9377,到底為什麼都要在外人面前討論內部事務阿?,Valdrada,18425480
9387,為什麼每次都要在外人前面討論內部事務啊？,Valdrada,18409511
9388,葉卡蛤,tim20040203,19152487
9420,宇智波一族叛變ㄌㄜ,weichelin,19784582
9433,據透三小?,sd0147789,18403528
9444,劇啦幹,kevin60039,18421663
9454,葉卡派跟憨吉聽起來很好吃,ae860112,18427611
9469,莎莎給油,yu0630158,18485448
9503,阿爾敏的手是怎樣,Jerry960211,18402796
9503,「葉卡派好吃」戳到我的笑點,shenyufeng,18438633
9537,推測台灣如果是某總統當選會發生上面的事,Star4066361,18414733
9572,葉卡派聽起來很像艾草月餅,aaa33341025,18527705
9628,那你不說現在死總統有比較爽嗎?,c20629,18474572
9639,↖,Xiang880930,18405250
9639,我以為他背上有頭髮,Xiang880930,18405254
9661,都在尻,Ken37819664,18464828
9668,承包空屏,wen612027,18446575
9669,Ya卡蛤,Forever10000,19685063
9679,好安靜,l01ov09e,18405256
9685,上次看到這邊睡著 回來補,kendyh888,18530869
9712,憲兵團在卸責就是了？,A21042671,18490091
9715,喔颯颯颯颯颯颯我叔叔說,Max106393,18408808
9717,這個政府就欠政變啊 跟王政時期一樣,qseft31200,18402454
9741,漢吉QQ,yces3224,18504197
9745,真就耍智障 只想找替罪羊,r6alwaysnoob,18454559
9759,gg,amber3596,18431840
9773,我餓陪陪惡評。噴泡泡呢呢鬧鬧特配額欸配額,ZXCV8787BNM,18411569
9814,現在的葉卡派們除了弗洛克以外,davinci12138,18401493
9815,阿爾敏是真的可以自爆喔～,gary123065,18415223
9816,都是打過巨人的新兵菜迪巴,davinci12138,18401498
9827,無能被法西斯納粹取代的過程....,a25360636,18408479
9835,等等 這句話也太耳熟,s17896512,18417545
9837,台灣:下台以示負責,as0615719,18634037
9838,文戲演到自己人吵起來,dwehone1207,18403780
9840,反觀台灣政治,broker168,19083870
9857,哦哦哦呃呃啊啊咿咿呀呀,aware707,18421621
9857,韓吉阿爾敏米卡莎三人就可以把這些人解決了,sy012341,18503930
9864,尷尬,kero914,18464305
9885,不會是flag吧,Omurice030,18438531
9887,看到巨人就嚇屎尿的肥豬吠起來都很大聲,touhou18,19319291
9920,為啥總是在外人前面吵架？,Valdrada,18409545
9921,真的精彩,dwehone1207,18403783
9925,內鬥內行 根本台灣哈哈,da726538941,18900895
9940,你們這幾個整天勾心鬥角+內鬥就飽了,peijuchen,18443486
9949,內鬥正常阿，巨人就是這麼寫實,sjay995,18445139
9957,漢吉我婆,davidddd,19369291
9970,趕快去喝紅酒啦,a8245231,18406268
9990,蔣委員長,skyliu0907,18407063
10015,憲兵跟其他軍團不合不是從S1講到現在了,cover543,18525389
10023,司令的魚尾紋是不是變了 沒有以前帥?,mummy852,18402569
10025,最愛皮克西斯,domo90477,18457424
10027,好想跟司令去約會,air253816,18424863
10068,蔣中正 帥啊,s17896512,18417570
10099,蔣中正欸,Problem0516,18539814
10106,有里維喔？那沒事了  大家解散,sos161655,18405458
10110,有里維呀 那不用擔心了,michael1118,18505109
10117,清黨囉  老蔣掌權,iven1106,18413129
10148,ryu;35j/ 5/4,Heatshock,18451109
10159,期待兵長,sharlene8866,18430106
10180,紅字雙關喔,Tanner900813,18412085
10200,好想兵長,Yuyiiii107,18828820
10205,女王在我家啦,air253816,18424873
10206,紅字wwwww,aassq24,18422241
10208,被漢吉知道後掉包成寶拉了,touhou18,19319326
10227,東哥內褲很臭,Ghuffghhg,18402631
10228,蔣中正,Heatshock,18451110
10233,少數人（指萊納,sos161655,18405474
10235,高下立判，一個能講出人數肥貓只會說少數人,DH3020CAL,18413098
10275,彈幕????,Lukuiyi,18415645
10300,印堂發黑,lv122579,18411967
10314,印堂發黑 大去之期不遠矣,AEsir308,18609704
10350,女王！,he02631559,18401227
10365,我動畫黨。我覺得亞妮也可能是目標。,rookur,18404018
10368,準備戒嚴,vincent0209,18403710
10375,吹棒之巨人,c9656178c,18478982
10380,防暴雷的紅字 上帝保佑你不會被巨人吃掉,potatotoly74,18446354
10395,在劇透壓peko,jekai50,18416970
10399,狗腿敏,molly2457,18434900
10401,司令給力阿,josepha80141,18401971
10401,狗腿巨人,leeng0369,18406616
10431,狗腿前面太好笑xd,su2958,18454755
10435,ƪ(˘⌣˘)ʃ,st2071830,19727435
10438,宣佈38年的戒嚴令如何?,yongkang09,18406625
10440,蔣總統,liang30303bh,18402708
10445,蔣委員長兼職總統,superjamie,18422822
10464,乁( ⁰͡ Ĺ̯ ⁰͡ ) ㄏ,WinnieMifan,19873881
10467,宣布戒嚴,as0615719,18634071
10473,¯\_ʘ‿ʘ_/¯,Juishu0430,18418065
10475,蔣總統萬歲,s17896512,18417599
10480,臨時大總統,celies,18413546
10482,b嘴阿爾敏,as085566as,18422570
10483,當然是戒嚴啊,vincent0209,18403717
10485,¯\_(ツ)_/¯,Q123230905,18405400
10485,蔣委員長要當總統了,mingjyo1110,18428518
10485,我就爛,allan198787,18619455
10487,可以，這很國民黨,bullethell,18403665
10489,¯\_༼ •́ ͜ʖ •̀ ༽_/¯,aa32291191,18595796
10491,¯\_(ツ)_/¯,yoyo2311,18408062
10492,¯\_( ͡ʘд ͡ʘ)_/¯,touhou18,19319456
10493,我就爛！,aafuckyou187,18418443
10495,¯\_( ͡° ͜ʖ ͡°)_/¯,a1080288,18412063
10497,要是習大大的智商有這個光頭的一半就好了,k5634762,18416204
10499,你跟我說這個 我有什麼辦法,mrchi,18418455
10500,只有投降了,TERRY0725,18976038
10502,25.61.66.164:28946,za131313za,18404107
10502,我就爛~~~~,AA741596,18436253
10505,¯\_(ツ)_/¯,yichen2003,19817464
10506,¯\_༼ •́ ͜ʖ •̀ ༽_/¯,a1080288,18412051
10506,╮(^o^)╭,elsasummer,18944299
10506,他也要做藝術品,s941125,19905724
10507,"藍米

爛命一條",xbcking1,18478593
10510,空間換取時間.JPG,cp11225637a,18423049
10510,¯\_(ツ)_/¯,a811035,18607005
10513,蔣委員長萬歲,tim25151657,18410298
10514,狗腿仔,qqsgex,18402534
10515,¯\_(ツ)_/¯,b0989086288,18413329
10515,窩不知道,henryl1915,18468910
10518,15,A906260607,18404252
10518,水喔,s886173241,18417031
10518,╮(╯_╰)╭,asd5577189,19007484
10519,¯\_(ツ)_/¯,mango970422,18423578
10520,原來是民國初年阿,Nolkgibble29,18415035
10521,爛命一條,Happy5224,18405208
10523,ㄟ(ˋ口ˊ)ㄏ,Lukuiyi,18415666
10524,。。。。,zx790601,18480171
10525,你們在幹嘛啦,tanpan19,18421401
10530,駐紮軍隊的人心理素質超高，沒人驚恐,iuuui777,18423119
10531,¯\_(ツ)_/¯,halo2007,18441172
10532,¯\_(ツ)_/¯,joann970923,18415333
10533,水喔,qw47704020,18460105
10533,爛命一條,qw47704020,18460107
10534,"我就爛
我超爛",aafuckyou187,18418429
10535,(´▽｀),ruby201067a,18667032
10538,XD,karta0681608,18428005
10538,¯\_(ツ)_/¯,Fu132387488,19020740
10544,!?,boray325,18411827
10545,🤷🏻,ruby201067a,18450227
10545,剿共,edward1206,18489694
10549,直接投降，笑死,gameguy,18506018
10550,蔣中正要撤退台灣了嗎,srnmam05,18417025
10552,可以 很幽默XD,a80633218,18401342
10558,放推啦 哪次不放推,tsoo283468,18409993
10560,三小啦,vincent93819,18401900
10566,投降輸一半,aatt6677,18408292
10574,不是打不贏就加入，是有更危險的敵人，日軍,rookur,18404153
10574,事情不能只看一個點,rookur,18404161
10574,爛,olaf8940,19431703
10584,聯俄容共不行啊大大,rookur,18404035
10589,打出了：GG~,orpeter2266,18420628
10595,蔣介石快清黨啊,WeiWeiWeiWe,18415460
10595,太明智了,s320052060,18422304
10595,笑死 前面顏文字,Yuyiiii107,18828839
10597,好乾脆,Valdrada,18425490
10605,皮克西斯真的很猛,brianbai727,18406337
10611,清黨,s886173241,18417050
10615,很會,Zha1324578,18403136
10625,投降輸一半  台灣規格,sekokawana,18421359
10625,🥰,C0958632278,18588701
10625,清黨清黨,allan198787,18619472
10627,蔣光頭清黨！,minglung5186,18426754
10643,投降輸一半,yoyu32121,18424076
10645,洗臉那個給我回來,heyheyboi,18418348
10647,如果就真的照老蔣說的15FF，劇情會怎麼走R,cp11225637a,18423057
10661,老蔣 良心發現,jordan324324,18402865
10673,我們該做的是發大財,hu20030807,18415572
10676,太明智,student5726,18536343
10678,蔣介石別鬧,bai20050806,18402112
10681,GG 15FF,shiung1216,18403364
10685,幹司令好帥,jessica94010,18533446
10690,剿共,x1920,18409421
10694,還是皮克斯厲害，直接看穿了因果律,coolmark2004,18403087
10701,15ff,djappleman,18407212
10709,阿共當初94醬滲透der,LeafStay,18409620
10723,柯尼好帥,ce951105,18657523
10732,右後方的大媽你誰啊?,ABCDEFG33,18412526
10737,西安事變，安內必先攘外,kenthuang123,18420511
10756,我就爛,karta0681608,18428014
10769,老蔣：這次我不清黨,lpbig159,18401994
10773,共產黨篡奪政權的方法ㄎㄎ,Chester20178,18408548
10775,你誰啊,Q123230905,18405411
10775,好個國共劇本,kvnicole,18883613
10780,阿嬤你怎麼在這裡？！,st2071830,19727470
10790,蔣輸毛的原因就是旁邊都是共諜，現在也是,uououo,18403513
10802,大媽你誰啊,mark18299,18765178
10804,大嬸你誰,allen0294012,18401694
10805,國共內戰原本蔣就有贏的打算 但身邊都共諜,pp305070,18404843
10805,這位是搞行政的嗎？,s886173241,18417072
10813,國民黨被滲透是蔣自己搞出來的,nmbb990315,18471922
10822,完全不想看劇情了，彈幕刷起來,a49844353,18419657
10826,阿姨我不想努力了,xbcking1,18478614
10830,共匪就在你身邊,zz19950220,18406845
10850,ʅ（◞‿◟）ʃ,kendyh888,18836721
10871,這一段真的無法不聯想到蔣總統啊~~~~,EasternAsh,18405265
10876,哈哈其實這是我國的歷史番啦！,t27503548,18491640
10877,阿姨我不想努力了,yiping0817,18423056
10883,護法失敗了,ididsome,18430368
10901,薩克雷:其實我姓孫啦,as0615719,18634103
10915,ƪ(˘⌣˘)ʃ,kendyh888,18836741
10924,根本蔣介石,Zha1324578,18403144
10926,哭了會更像XD,as085566as,18422573
10955,大嬸表示┻━┻︵╰(‵□′)╯︵┻━┻,Mike1020,18959927
10962,跟國共內戰一樣啊!被滲透了!只好先打日軍,vs246810,18410872
10966,情勢判斷快速,Valdrada,18425496
10968, 如果是蔣介石會硬幹到底吧,kbb37038106,18472942
10991,因為先安內後壤外,kbb37038106,18472948
10996,感謝z111230示範小粉紅思想,gres10605,18585248
11005,現在是軍政府在管嗎？？？,sunday520,18402694
11006,真的經驗老道 不管是不是出於本心還是計謀,gcobs1249,18404151
11007,很快判斷好情勢,Valdrada,18425494
11039,這是在套話嗎,chinanaz1,18415840
11046,是持久戰,kbb37038106,18472761
11057,ㄑ,abcd24376634,18410888
11065,巨人484在講國共歷史啊,kvnicole,18883618
11081,老師 我可以去廁所了嗎,lemon87god,18401626
11096,感覺接下來會看到艾連vs兵長,lecturiox001,18619492
11103,嗯…晚餐要吃啥嘞,anime0106,18408449
11115,講完沒,Max106393,18408841
11115,憋不住了,Max106393,18408844
11124,真的是政治之鬼,aatt6677,18408311
11140,阿姨,BTSBTS,18404293
11175,長得好像蔣中正,GUNDAMKEN182,18413558
11223,沒出錢沒出力看免費的只出張嘴都是社會米蟲,go8300076,18437084
11227,鴨嘴獸泰瑞,zxcv25722307,18416040
11238,¯\_༼ •́ ͜ʖ •̀ ༽_/¯,Akalin10,18466248
11245,不是韓導嗎,a71417918,18438416
11252,精神抖手,qw566205,18407477
11259,癲癇發作喔？,KCHEGYSZ23,18919810
11263,精神手抖,B9609251211,19844686
11270,崩你媽逼，這是為了讓人物五官更深邃！,Sylvia900111,18407364
11285,尿急啊！,Q123230905,18405429
11287,鬼畜,m95278809,18401672
11300,抖抖抖抖抖抖抖抖抖抖,Yuyiiii107,18828859
11305,皮克斯司令很了不起,snowmoon1314,18505453
11318,真的很聰明...太強了吧,bookman0724,18409902
11321,皮克希斯是很有遠見的人,augh12286,18416328
11321,第一季他每次下棋都故意輸掉貴族,augh12286,18416333
11321,不被貴族發現是伏筆,augh12286,18416334
11321,秀夠大碗,R195372846,18761487
11324,先安內，後攘外👍,tower830626,18412513
11332,這司令滿分,ab29908145,18402578
11333,客家司令,Chang860708,18843260
11340,司令的光影畫反了wwwwww,Xiang880930,18405332
11345,太理想了啦,lina0303,18467047
11350,集體阿斗,aung0137,18427987
11352, 這打光方向錯了還以為蔣漲頭髮了,s0985374652,18416846
11356,他有頭髮了wwww,KYC0124,18418445
11365,藍字笑死,James9322,18407254
11371,當初現實當中的老蔣沒有剿共的話...,shilon69,18408892
11371,說不定歷史就改變了...,shilon69,18408895
11372,光影方向反了  害我以為司令長頭髮了  哈哈,sts928927,18406167
11380,麥克麥：超能壞蛋,zyh93102,18408736
11397,拉啥走?全面內鬥正中馬萊下懷  動點腦子好嗎,hotymca2630,18422659
11399,提醒 19：00,nina971004,18438998
11411,蔣中正的頭（？？？？,kuma03230,18405413
11416,我很感動,willy7079625,18412153
11423,客人不能在別間接待室等著嗎？,U3T4HWJT,18423381
11430,他好棒 終於有聰明人了嗚嗚,wlobr183,18578125
11431,你頭怎麼了,vincent0209,18403749
11435,要端火鍋了沒？,Bryan527,18409165
11438,說得簡單 但要說服人們有多難,sisterniose4,18435606
11440,光頭王 真的很狂,sekokawana,18421377
11441,毛澤東笑了,no13pe,18418735
11443,伊東摸雞摸雞~,maggieshaoga,18416994
11448,司令真的很強,a31082275,18407797
11454,原來宋美齡,af146,18401848
11455,又水腫了,ac0114,18404962
11456,老蔣殺了1千萬人+拼命打敗仗才沒這麼神,shianghe,18520496
11461,好猛,karta0681608,18428045
11467,真的高招,mark18299,18765193
11470,光源在窗戶，他一直轉身當然一直換陰影,funjob,18404118
11472,這集就真的很崩啊,qseft31200,18402503
11486,兩位都單身嗎?要結婚了嗎?,touhou18,19319514
11517,頭型不錯喔,hank35437614,18807233
11540,太快了吧 我還沒看夠,Joyce930723,18405438
11547,沒有一個地方是安全的,hank08020708,18408541
11579,你們滅國土地就是我的了,vincent0209,18403770
11590,崩還不能講膩,qseft31200,18402523
11599,就工期不夠，一直噴崩的有沒有搞清楚現況,peter0221022,18423495
11606,你行你畫 出張嘴很屌?,meowluck,18549034
11635,啊原作就很崩了不要苛求,paranoia7,18433971
11642,字幕太不上心了,Blobastard,18416505
11650,請注意並尊重隱私個資,Lukuiyi,18415685
11665,說什麼要罵就別看的真的無腦，崩是事實,KKG94879487,18409534
11670,好噁心的關心,TERRY0725,18976075
11679,www,olaf8940,19431737
11694,一崩一高潮,love203335,18413263
11696,Giumi,zunreada,18438184
11706,也是 你也只能罵不會反擊的東西來紓壓 可憐,meowluck,18549043
11709,蔣中正,samkedit123,18553479
11720,外國人的嘴,a121472132,19303214
11721,本集影帝歸你了,Star4066361,18414838
11742,崩壞3rd,Mosguito,18418679
11742,GMO,olaf8940,19431738
11747,我來這裡就是要看兵長砍猴啦,ptts10905,18413123
11765,還是別理這個現實的女人才好,TERRY0725,18976084
11770,為甚麼大家都愛歪頭說話,tarotin730,18424211
11781,一切都是為了經費啦啦啦,onion0918,18403264
11785,最大的葉卡派夫人,superjamie,18422832
11790,啊啊啊啊啊啊～～,tre1234540,18406260
11814,進擊要開始崩壞了嗎,a49844353,18419714
11817,喜歡這種風格啊,shenyufeng,18438650
11845,文戲崩也可以接受啦,harry30701,18407440
11847,噁心,Shihan1120,18404058
11862,怎有點像佛利沙的聲音= =,markis8026,18401778
11863,進巨完全變了,A21042671,18490164
11869,あっ,meowluck,18549045
11899,噁心,ff2002999,18418077
11905,==,Ryan940919,18402502
11910,哈哈！馬上被嘴爆,TERRY0725,18976092
11913,再裝阿,mark18299,18765202
11915,欸？,mingjyo1110,18428567
11916,帥,itkjing0708,18406229
11927,ㄟㄟㄟㄟㄟ,olaf8940,19431745
11940,會心一擊，效果絕佳,iuuui777,18423133
11945,快結束了！！！！！！,Max106393,18408885
11965,很嗆嘛!,sekokawana,18421388
11983,效果不一般,mingjyo1110,18428575
11983,這集是不是沒幾個人看得懂他們在幹嘛？,sjay995,18445392
11984,不要這麼火爆,aatt6677,18408344
11989,那滴汗,mini1050214,19421367
12000,你要開嗆你要先講啊,iuuui777,18423134
12005,...,karta2667993,18404137
12011,案營養,Jack990905,18405389
12016,手拿開。0-0,IVY94522,18742928
12023,簽,Sr679896,18711879
12031,今天很嗆是吧？,FGH52368,18410647
12034,米卡莎好直,Valdrada,18425506
12037,哈哈被嘴了吧,kevin0123056,18416299
12065,撿到槍,Yuyiiii107,18828881
12066,米卡莎智力8吧,A843487682,18427809
12092,誠實的米卡莎,benson60907,18401604
12092,the 嗆,karta0681608,18428071
12104,JOJO,davidddd,19369327
12108,米卡莎讚,amber3596,18432015
12121,以為米卡莎長鬍子了結果是我的螢幕髒髒的==,leo20041203,18415789
12135,阿姨壓一壓,yoyu32121,18424097
12145,！！！,Amonguy,18409612
12147,佛利沙聲優,smile830626,18640362
12153,米卡莎比我還巨,mingjyo1110,18428586
12172,其實我覺得這段可以刪說,Mosguito,18418696
12182,誠實,lightofangel,18430623
12184,嘖嘖嘖,mini1050214,19421369
12191,兼職當外交官辛酸畫面流出,meowmeow0625,18401190
12191,希茲爾國面連財務危機,meowmeow0625,18401194
12192,錙銖必較ㄗ ㄓㄨ ㄅㄧˋ ㄐㄧㄠˋ,ADA4426,18419404
12196,"""臨""啦幹",meowmeow0625,18401196
12202,不要起蒸液辣~~~,sekokawana,18421392
12203,因為妳就是阿,gweo1912,18418676
12239,沒聽到她有說惡女 有人有聽到嗎,Blobastard,18416556
12244,他是不是以為米卡莎是女孩,yiping0817,18423069
12269,他們不是不看劇情是看不懂劇情,Kiceloyce,18402355
12271,本片剩餘3分鐘,DannyDaiYT,18409231
12302,爭議,olaf8940,19431759
12334,所以阿姨也不是當政者?,Valdrada,18425509
12334,呵呵,j9876543210,19081512
12340,米卡莎？！,Q14123579,18404555
12340,經費要留後面現在崩可以接受,Chou123455,18405340
12349,這段看漫畫時真的覺得很棒,m5811987,18408501
12355,降谷別演啦 回去投球,bob19971230,18405198
12362,你要確定餒,WeiWeiWeiWe,18415564
12365,這句也是在騙,TERRY0725,18976105
12380,....,Ryan940919,18402506
12387,帕拉迪島惡魔馬,Xiang880930,18405372
12389,馬在講話？？,lbkplyj0624,18407242
12389,乾 降古笑死,Amoda6699,18407921
12389,左邊約翰，右邊米卡莎,clse02202001,18434281
12395,進擊的馬臉,leeng0369,18406705
12398,有2隻馬在對話..,tw26310849,18412498
12399,覺得崩的可以看漫畫會比較舒服點,bj4hjkl,18401393
12401,免費仔還想嘴金費啊,a38284380,18403409
12409,約翰: 影分身之術,WinnieLin616,18411179
12410,沒有花半毛錢在作品上的就乖乖閉嘴,a38284380,18403427
12413,嗨,HankAs,18431450
12417,崩都崩 後面樹也崩,poorcatqq,18401459
12419,兩女一杯,Jasonbrian,18440010
12427,約翰,ce951105,18657559
12429,???????????,mini1050214,19421371
12435,馬在講話,ruby201067a,18450243
12439,為甚麼約翰講話要tag馬的畫面,meowmeow0625,18401202
12441,不期不待沒有傷害,bj4hjkl,18401400
12441,紅字笑死,k5438920,18446531
12464,啊就一群免費仔不知道畫師的辛苦只想看免錢,www41641027,18404666
12465,主角群怎麼變成馬了,vincent0209,18403797
12466,說鏡頭只有約翰的XDDDD,itkjing0708,18406245
12472,藍字,kevin0123056,18416312
12476,看到這邊就不是在看畫風了吧 劇情才最重要,comic550204,18671256
12480,畫面沒有崩得太誇張，反觀七大罪...,bullethell,18403744
12480,耳朵可愛！！！,qooloveoo123,18429672
12481,怎麼拍兩個讓XD,Zha1324578,18403218
12482,紅字給讚,Louchen1313,18408596
12487,我以前看魔法少女小圓的時候也沒付錢啊,henny3922902,18419756
12494,!,sandy50240,18524640
12505,一堆說畫面崩的人，等藍光出來也不會買,Edward0817,18404110
12505,媽帕真可憐，做進巨真的吃力不討好,Hdbdhiw,18426090
12505,柯尼 變了,c9656178c,18479052
12511,說崩的 腦袋都長歪？？？,jeshiun,18421458
12512,我比較在乎笨蛋二號在懷疑米卡莎這件事w,Imeilos1103,18401968
12512,但營養,Jack990905,18405405
12535,有種就自己去花不要在這邊幹,Hdbdhiw,18426101
12573,柯尼的懷疑很合理啊,sakurachiyan,18404775
12573,畢竟他們出現的時間點真的太巧了,sakurachiyan,18404781
12575,什麼時代還買光碟出週邊還比較吸引人勒,penistfa,18407018
12575,說畫面崩的請去看七大罪，不然安靜點乖乖看,ben2283032,18418237
12576,你以為擺個蛤臉就打得贏了嗎,willy7079625,18412194
12582,和總統會面完後就爆炸 懷疑很合理,konfu210416,18410918
12583,真影帝,Star4066361,18414875
12585,我討厭第四季的柯尼,ninaning0329,18420321
12587,外包回,mchang49,18409039
12630,懂的人都知道UFO做巨人只會更慘,gkerd99,18404222
12647,臭媽寶柯尼,kcs199759,18406583
12669,後面根本看劇情，只要劇情到位就夠了,gamania0204,18404547
12672,臭光頭沒智商還整天想搞事,yang168101,18404588
12672,只會看著過去的傻子,amy6104245,18430121
12673,內鬨內鬨,a10752137,18409010
12705,柯尼就是從頭笨到尾,qseft31200,18402572
12725,柯尼是真的笨,sam0718tw,18404840
12740,馬之巨人,c9656178c,18479065
12754,保險套,b0983868655,18538295
12755,柯尼就是那種會耍小聰明的白癡,penistfa,18407038
12757,扁之巨人-》,h2580666,18412833
12759,經費就是開大了。。,FGH52368,18410666
12764,不可能每次畫都一樣吧 你們自己去畫看看鴨,kitt10,18404816
12764,柯尼秋三小 看不懂,kgtty840311,18440398
12784,馬的一堆鍵盤仔欸,kitt10,18404826
12790,什麼保險,wuciting0712,18419346
12812, BGM!!!!!!,a7469588,18406062
12819,MAPPA很努力地製作給我們看了O_O,n6012067,18408493
12820,這段bgm 好棒,Aikawolf,18461876
12823,我聽不懂,lecturiox001,18582228
12831,要出大事的配樂,bspowerx,18407833
12852,漫畫就是這樣一小格塞很多句話在裡面,gay2009123,18401786
12852,  動畫照搬就會很像人物都沒在動了,gay2009123,18401787
12864,播出前創哥會看過 創哥都說可以了,Scott2321234,18420724
12864,不用一直嫌吧,Scott2321234,18420732
12864,除非你就是創哥,Scott2321234,18420739
12865,出事了阿北,b0983868655,18538301
12869,所以到底兵長什麼時候砍猴,uokoo0909,18405518
12870,監製頂多給建議，創哥漫畫都還在趕稿,iuuui777,18423139
12870,覺得不好有可能一句話叫動畫組重做？,iuuui777,18423142
12870,創哥只有說好的權利好嗎 不是很愛說工期,iuuui777,18423147
12872,笨就是笨阿,olaf8940,19431769
12880,說崩的怕是沒看過真正崩的.....,Hdbdhiw,18426113
12906,提示:ㄏㄐ,vs246810,18410943
12912,酒啊,A130816133,18405956
12912,戴眼罩沒有比較帥= =,ay123486998,18426373
12915,嗨,qqa960116,18402747
12920,三分鐘警告,Amonguy,18409664
12930,嘴戴眼罩的是沒看前面😂！？,fairy1999107,18649704
12935,戴眼罩是因為那隻眼睛受傷看不到了...,ivy112839,19738411
12960,靠背在火車上聽到這BGM還以為旁邊廣告,WL01308136,18410267
12966,漢吉我婆<3,davidddd,19369344
12968,笑死 一言堂,flyff102799,18568174
12969,這配樂好緊張,XCINDYCC14,18479160
12970,有,qqa960116,18402749
12976,ㄏㄐ,vs246810,18410936
12980,漢吉真的累了,Edgehu0718,18403394
12983,黃字 超大巨啦,ohgodmyfault,18590572
12995,下一集精彩,ruby201067a,18450253
12997,漢吉真的好辛苦,anime0106,18408515
13001,BGM讚讚,tancool,18405986
13006,有,wpandaw,18401715
13013,漢吉也不是簡單之人,Valdrada,18425522
13030,保力達p~,agito2005,18426583
13043,創哥把線都接起來了,gres10605,18516389
13044,BGM很有房屋廣告的Feel,yoyotomqoo,18414495
13045,還挑，做給你們看還在那邊,Mashu835,18416179
13045,這音樂 好搭 這種政治內心,sekokawana,18421403
13045,這邊也是很大的伏筆,TERRY0725,18976129
13049,馬背哪有這麼低,yhh1996,18413924
13066,尼柯洛:等一下，人來的有點多...,Blobastard,18416732
13067,音樂聽到雞皮疙瘩起來,Z522522ZZZ,18403979
13070,名場面走起,banda0613,18402427
13070,啥時播到兵長那阿？,MSLINmslin,18443670
13074,bgm有一種全部串連在一起的感覺,dragons10626,18407719
13075,餐廳比想像中的氣派欸,binnho97,18404950
13090,一起喝酒慶祝吧,sy012341,18504006
13092,火鍋,Zha1324578,18403261
13098,故事連結得好棒,rookur,18403166
13100,注意這裡會考,Q26442443,18405350
13100,Gabi又在盤算什麼？,Safina,18408636
13102,下集神回,longshaba,18407270
13105,然後莎夏沒死，就神作了(咦，該不會真的吧,rookur,18404109
13111,賈碧NONO,s1585242,18410577
13120,下集超精彩,brianbai727,18406809
13125,仗著只是表達想法來影響別人觀賞真的不可取,sowin2000,18423557
13126,免費的盡量吃,smokedglass,18403849
13127,莎夏如果沒被射殺討厭賈碧的會反過來發情吧,touhou18,19319624
13134,發紅包囉,zxcv12389,18442761
13135,重要地標,Hastur880921,18427758
13140,仿賽機車,a24967679,18418851
13141,BGM好讚,gcobs1249,18404210
13142,要出事了,tf761985,18404842
13145,講得好像是MAPPA求講談社給做一樣 智障嗎,a29130930,18420565
13145,BTW出問題是時程不是經費 資訊不夠就不要吵,a29130930,18420610
13148,坐等Final season2,as085566as,18422577
13148,紅酒喝起來,ccboy22,18423613
13151,酒不可以亂喝啊兄弟~,sunny880115,18406408
13155, 唐氏症軍團要出來了是嗎？,Sanada2415,18417785
13160,紅酒預備,A3186,18405651
13160,MAPPA可以不要接啊，誰求誰很難說呢,iuuui777,18423152
13160,經費工期也是MAPPA同意的 接就做好,iuuui777,18423156
13165,  這BGM好猛,h34261004520,18419876
13166,這集作畫差 說出來也要玻璃？,qseft31200,18420755
13169,圓桌會議要來了嗎！你,sy012341,18504013
13170,BGM好讚,cksaz769130s,18550344
13173,他們就是被拜託，講誰求誰很難說的是秀抖?,a29130930,18493500
13180,567集imdb都9.9分以上 酸民：「接就做好。」,a29130930,18493592
13182,阿爾敏騎馬也那麼帥！！！,eyedrop1163,18418535
13184,接就做好?原來MAL評分史上第二高叫沒做好,a29130930,18493568
13185,注意，前方高能,Zha1324578,18403279
13185,到時候沒做就不要在那邊嫌,Hdbdhiw,18426127
13185,就說是講談沒給媽帕足夠時間是聾嗎,Hdbdhiw,18426134
13185,更,Jasper0507,18430108
13186,bgm好棒～～～,chiimnyq,18402857
13187,出事的感覺越來越重了,s886173241,18417215
13193,都有火車了 怎麼沒人開發汽車,jerry1919,18404117
13220,下一集喝酒了,kjy0414,18414048
13225,Bgm讚,yucoca2021,18419094
13226,來了!!假幣打臉現場,fafner175,18403794
13227,皮克,yuka0813,18402839
13228,屁股,andyhi93,18417146
13231,假幣掰掰,davidddd,19369351
13232,看來下一集很精采,jj890107,18407355
13235,BGM超讚,blitzkrieg00,18407766
13235,可憐的法爾科,Sanada2415,18417800
13235,正,hookfat,18465498
13238,右方皮克彈幕高能,blitzkrieg00,18407811
13241,下集真的棒,a31082275,18407863
13241,屁股媽媽哩,as22558800,18408746
13242,這BGM太神辣,sekokawana,18421407
13244,前方皮克,terry1999,18420045
13245,皮克醬出現啦,Edgehu0718,18403410
13250,婆,night1144,18406120
13251,皮克女神,b0931038215,18405119
13259,我婆,ricky1774553,18476976
13260,正爆,Rexson127,18410525
13260,皮克小姐姐！！,alexbrian914,18424520
13260,超正,AEsir308,18609797
13261,老婆你怎麼在這,wei00310,18405899
13261,我婆,cesium202,18407090
13262,What!!??,rookur,18403180
13262,撒素嘎皮克醬,binnho97,18404963
13262,我婆,Xiang880930,18405410
13262,婆爆,Xiang880930,18405415
13262,我婆,keanu0511,18415739
13263,老婆出現了,SwallowLin,18401472
13263,有夠正><,gcobs1249,18404220
13263,<33333皮克,chyunine,18438559
13264,皮克(◍•ᴗ•◍)❤,Zha1324578,18403295
13264,我婆,singuouo666,18403605
13264,睫毛好長,rookur,18404126
13265,是婆！！！,mineral1009,18406186
13265,老婆o(*////▽////*)q,majo1109,18406345
13265,<3 \皮克 /,kcs199759,18406636
13265,"船不是沒了,怎麼進來的啦",tanpan19,18421465
13265,準備攻打怕拉迪島村莊,z2255886z,18421636
13265,我婆,cuy623,18424229
13267,皮克怎麼來艾島的??,kerry0130,18404675
13268,要去領紅包了,sasdffv295sa,18412275
13269,皮克妹!!!,a20120122,18402449
13269,現在是沒海關就對了,s320052060,18422317
13270,讚,Wayne09,18402799
13270,皮克!!!!!AWA,iven1106,18413240
13272,黃金屁股!!!,louis3tsai,18406038
13274,皮克，好美,gameguy,18506090
13274,ASS,keroro88120,18639793
13277,我婆啦,ldp962078,18521306
13278,我老婆屁股,aung0137,18428040
13279,我們中出了一個叛徒,g5157036,18403307
13280,真快，馬上潛入了，艾蓮時間都被拖光,Safina,18408663
13280,不是，兩邊都太好潛入了吧ｗｗｗ,s886173241,18417234
13280,我的天他怎麼在這!!!!!!!!!!!,francesca000,18430277
13282,屁股,augh12286,18416407
13285,皮克好正,ninaning0329,18420339
13285,幹！影后皮克,TERRY0725,18976140
13288,婆婆婆婆爆,waiting7992,18416412
13289,皮克小姐姐！,lingpiangu,18405182
13290,不愧是皮克妹妹,ruby201067a,18450259
13290,老婆,icedie0121,18689261
13291,屁股,blitzkrieg00,18407770
13292,靠，第一次留言，為了皮克,Change0202,18434657
13294,Ye~皮克皮克,zxc089531283,18414631
13301,下集會很精采吧,scott0717,18428925
13306,皮克姐姐~,qazwsx123456,18615959
13309,皮克 <3,aatt6677,18408388
13316,邪惡的傢伙！！！！！！！,QwQooplk,18772240
13321,皮克寶寶,davidddd,19369354
13322,18pt,cba444,18405482
13323,抓共諜瞜,s214025,18426962
13325,老婆 你怎躲在那,markis8026,18401803
13325,抱怨一堆文戲的下去好嗎,ashleyy79,18406558
13330,韓吉的順位已經在阿米之上了,wsyw,18418395
13335,體感三分鐘,Raytsai0622,18404001
13335,謳,Rui9325,18431263
13336,我老婆看報紙而已啦 沒事老婆我們回家,tancool,18406007
13337,集數夠ㄇ?,cathaircat,18406061
13337,???,amy6104245,18430145
13340,燒屁股！ 啊嘶～,sw34266618,18518596
13347,對了 這是漫畫第幾集???????,zheweixu,18413853
13365,體感3分鐘,amy901227,18403442
13365,都劇透光了😇,Safina,18430896
13369,下一集有人要被扁了,augh12286,18416411
13375,3秒結束,Yuyiiii107,18828911
13390,有間諜,Rannabelly,18402399
13395,體感5秒,ian0624,18402692
13399,下一集就要進餐廳了RRRRRR,wimpish591,18407491
13402,看起來像是諜中諜,yohow258,18425914
13408,皮克啊,Pondy951223,18427903
13409,下週精彩的就要開始了,kobe0249,18402200
13410,哭,carl69maggi,18437967
13423,皮克!!!,aa20060510,18452884
13425,薩斯嘎皮克醬,p86867687,18402407
13435,下週超讚,fly923921,18404224
13437,咦 車力巨人來島上了嗎?,tsktsk,18424032
13445,下一集不是就完結了嗎,z31080253,18436961
13446,飛吧,mango970422,18423647
13449,下集要爽了,fish920224,18422087
13456,被進去了,darbombom,18401742
13460,下一集感覺會超精彩,tarotin730,18424261
13461,不是一分鍾而已嗎怎麼這麼晚了,john1004john,18401220
13464,各位無職見,trawowo,18401659
13464,垃圾據透仔請幫忙檢舉,mark0131,18413253
13464,過好快,qwert654892,18419869
13471,這幾集都沒兵長...,n20050711,18402755
13483,蝦結束了?,az24343536az,18423537
13485,期待下一集！！！,aaa654321uu,18402368
13492,進餐廳,olaf8940,19431786
13495,真的好好看😭😭,happy910506,18415909
13497,超讚,kyousou777,18435527
13503,體感三分鐘,cycheng73,18416052
13510,真的,Kevinw1129,18421280
13520,畫面只有藍光版的會好，tv版的都一般,Safina,18412740
13525,又要一個禮拜…,nicholas1653,18401504
13528,體感三秒,pkpk440666,18402131
13530,里維人呢,alice881001,18405880
13533,下一集就要進餐廳,vviiccttoorr,18411944
13546,看無職囉,hokywrjjq,18420436
13553,要爆發???,S1080434chjh,18403881
13557,等等前面說兵長危的站住,luluch1009,18404103
13560,雞皮嘎搭沒停過,weekyou,18402198
13576,體感天竺鼠車車,fafner175,18403801
13582,皮克怎麼在那裡,karta0681608,18428114
13589,怎麼回事 體感5秒,zhberj123,18404563
13592,名場面連發,kyousou777,18435528
13598,這集劇情9分 畫面4分,dn4158,18411854
13624,暴雷三小 GNN,s49606112,18406956
13636,這集的亮點是皮克,PooMoa,18411797
13639,剛好這及日本播出日是228,cba444,18405502
13650,好慘,Kevinw1129,18421284
13661,整天喊畫面崩的，人生是只剩下畫面是嗎?,por48141,18406487
13663,後面就有兵長的秀了,zxc089531283,18714639
13672,比天竺鼠車車還短的動漫,a22189582,18422670
13672,皮克怎麼來的???,sean30349,18654442
13684,好期待,Valdrada,18425530
13693,帥之巨人,mango970422,18423653
13707,就因為崩了一點就高潮,kao911226,18418714
13713,皮克？,n3ds1209,18401257
13715,還是很好看,S123787668,18401609
13736,有可以看就很好了,mamamoorh,18426819
13737,都看動畫了 畫面崩不能講？是多玻璃,qseft31200,18415425
13738,皮克偷渡來的,zxc089531283,18714649
13739,打雷個雞拉屎,poorcatqq,18401481
13751,快睡著了，看到屁股大姊姊秒醒,sd45001320,18439250
13757,樓上泡麵爛掉了吧？,knightaco,18407345
13760,沒,Nth03041234,18406365
13765,接下來又要胃痛了,s52013314,18449187
13770,與其整天吵崩 不如好好享受劇情,xzxz9017,18402668
13780,哪裡崩= =？,yuxun880815,18621846
13788,僕はここに居たという証も,clse02202001,18434349
13790,我漫畫黨的 但就從來不覺得畫面多崩,xzxz9017,18402676
13800,吵畫面崩的人到底有幾個以前買過bd的,xzxz9017,18402684
13810,😭,Nth03041234,18406375
13811,沒自己做過動畫的人就不要吵畫崩,sy012341,18504047
13832,崩一點就高潮 還有什麼看得下去的?,kao911226,18418864
13834,畫動畫根本就是用生命換的 有得看就很好了,sy012341,18504062
13850,坐等下一集,lXxcoffeexXl,18421096
13861,泡麵怎麼軟了 不是才三分鐘,zxc900717,18421562
13874,ed快點出~,stellanox,18404345
13875,嘖嘖,Nth03041234,18406377
13880,哈拉,Nth03041234,18406383
13889,一堆白嫖只會在那邊嘴而已,lunoaoa4,18408329
13895,前面綠字 你爸也是,jeshiun,18421575
13897,好美,Valdrada,18425534
13897,ED聽一次讚嘆一次,Change0202,18434804
13910,文戲其實細緻的表情變化製作難度不輸打戲阿,ericyo85,18414040
13920,漢吉史上最遜團長,jim5302,18425004
13937,韓籍不遜好嘛,peter0221022,18427002
13943,一帶一帶,paulyoo,18446175
13966,每集都有名場面ㄟ,shaoenen,18414592
13971,也太短了吧！看不夠啊！,XCINDYCC14,18479182
13974,有崩嗎?,a2640557,18410121
13985,畫ED的時間是不是遠超過人物,C971013,18411496
13990,神作,ky8690,19757112
14015,這集真的有點省經費,s93070,18402535
14025,每個禮拜聽這個Ed都還是會起雞皮疙瘩欸,wei70117048,18407222
14030,講崩的是都是繪師嗎?我怎麼都看不出來哪崩@@,sin311,18526116
14049,這畫面超美,Valdrada,18425538
14065,聽幾次雞皮疙瘩起來幾次(˶‾᷄ ⁻̫ ‾᷅˵),aa0918097779,18401638
14075,不好看不要看啊嘴啥蛇,amber9573,19264484
14080,Ed真的好聽到炸開,asd5901354w,18420686
14081,神作 QQ 支持,good7753218,18408971
14081,我根本看不出來有沒有崩所以沒差,Danny0716,18414658
14087, 說省經費的你們日常生活就不要省錢,go8300076,18437132
14087,"有種天天吃和牛海膽不坐公共運輸阿,笑死",go8300076,18437136
14092,下集我最期待的那個要來了！,carol991024,18407040
14120,lol,ShermanChen,18512831
14121,省好啊經費留到後面你們這群鬼滅粉就會高潮,qwe8821301,18405161
14121,哇 經費的巨人 好屌!!!,qwe8821301,18405169
14139,二刷,Raytsai0622,18404014
14154,神曲阿RRRRRRRRRR,je7926,18695243
14190,可憐的兵長,Raytsai0622,18404036
14192,馬呀馬呀~~,sean20199,18445432
14206,艾叔叔要來發紅包囉,tiger1944,18402869
14220,片頭真的難聽！只有片尾才好聽,TERRY0725,18435700
14222,下一個一小時假幣要出來嘍,stp93050,18408908
14225,尼洛可開剁,mutan0303,18413014
14227,紅字哈哈,zxc089531283,18414657
14243,QQ沒勇氣看下一集,astalinut,18443546
14244," 付費的你如果只看巨人在來說啦,笑死",go8300076,18437143
14248,皮克進來了,a22494056,18401813
14248,下一集酒喝起來  變巨人,tempt862,18450943
14252,"就是在這省經費, 後面戰鬥一次噴出來吧",Sakata102200,18405623
14260,我想要來一杯吉克12年的,DS701122,18437609
14275,紅酒，怕,gameguy,18506123
14282,下回戒酒回，讓各位知道酒精中毒的下場,rezelreho,18405872
14313,我大兵長,Shihan1120,18404133
14313,兵長❤️,qwe001166,18418450
14314,兵長QQ,lsh301,18401827
14314,♡♡♡♡♡♡,a26778695,18412975
14315,我老公,alice881001,18405940
14316,我們老公 ! ! <3,m11011101cp,18407856
14319,我老公,DKLin0218,18412974
14320,森林裡的可樂,hanklmh,18419842
14322,兵長危險QQ,Zha1324578,18403343
14325,這集有點悶，下集可精彩了,harry30701,18407569
14325,算ㄗㄨㄨㄗㄨㄗㄨ,Love2287,18424308
14326,.,suzuki870924,18430572
14335,森のコーラ,clse02202001,18434392
14339,嗚嗚 兵長好帥,kitt10,18404898
14340,森林的可樂,molly2457,18434895
14345,森林的孩子，莎夏!!!!QQ,wimpish591,18407548
14345,🪂🪂🪂🪂🪂🪂🪂🪂🪂🪂,jeff9119,18409089
14350,morino cola,amm52075207,18406479
14350,如果能用錢買下一集我一定買爆…,milses999,18421730
